t_rel_s,concurrency,bucket,busy_frac,predicted_busy_frac,source
0.0,0,0,0.00026304,0.1295,template
0.1,0,0,0.0,0.1295,template
0.2,0,0,0.0,0.1295,template
0.3,0,0,0.0,0.1295,template
0.4,0,0,0.00012064,0.1295,template
0.5,0,0,0.00329506,0.1295,template
0.6,0,0,0.00114817,0.1295,template
0.7,0,0,0.00011264,0.1295,template
0.8,0,0,0.96553655,0.1295,template
0.9,0,0,0.97760307,0.1295,template
1.0,0,0,0.93393405,0.1295,template
1.1,0,0,0.95263751,0.1295,template
1.2,0,0,0.93993245,0.1295,template
1.3,0,0,0.9467148,0.1295,template
1.4,0,0,0.94798862,0.1295,template
1.5,0,0,0.33547779,0.1295,template
1.6,0,0,0.7408638,0.1295,template
1.7,0,0,0.95551369,0.1295,template
1.8,0,0,0.94093024,0.1295,template
1.9,0,0,0.94312963,0.1295,template
2.0,0,0,0.95908618,0.1295,template
2.1,0,0,0.94183778,0.1295,template
2.2,0,0,0.94484002,0.1295,template
2.3,0,0,0.30740041,0.1295,template
2.4,0,0,0.95179304,0.1295,template
2.5,0,0,0.94416706,0.1295,template
2.6,0,0,0.94629089,0.1295,template
2.7,0,0,0.9529428,0.1295,template
2.8,0,0,0.94310753,0.1295,template
2.9,0,0,0.94084704,0.1295,template
3.0,0,0,0.32757429,0.1295,template
3.1,0,0,1.0,0.1295,template
3.2,0,0,0.43262454,0.1295,template
3.3,0,0,0.0,0.1295,template
3.4,0,0,0.0,0.1295,template
3.5,0,0,0.0,0.1295,template
3.6,0,0,0.0,0.1295,template
3.7,0,0,0.0,0.1295,template
3.8,0,0,0.0,0.1295,template
3.9,0,0,0.0,0.1295,template
4.0,0,0,0.0,0.1295,template
4.1,0,0,0.0,0.1295,template
4.2,0,0,0.0,0.1295,template
4.3,0,0,0.0,0.1295,template
4.4,0,0,0.0,0.1295,template
4.5,0,0,0.0,0.1295,template
4.6,0,0,0.0,0.1295,template
4.7,0,0,0.0,0.1295,template
4.8,0,0,0.0,0.1295,template
4.9,0,0,0.0,0.1295,template
5.0,0,0,0.0,0.1295,template
5.1,0,0,0.0,0.1295,template
5.2,0,0,0.0,0.1295,template
5.3,0,0,0.0,0.1295,template
5.4,0,0,0.0,0.1295,template
5.5,0,0,0.00019488,0.1295,template
5.6,0,0,0.20881158,0.1295,template
5.7,0,0,0.99854014,0.1295,template
5.8,0,0,0.68650682,0.1295,template
5.9,0,0,0.0,0.1295,template
6.0,0,0,0.0,0.1295,template
6.1,0,0,0.0,0.1295,template
6.2,0,0,0.0067418,0.1295,template
6.3,0,0,0.01962667,0.1295,template
6.4,0,0,0.0,0.1295,template
6.5,0,0,0.0,0.1295,template
6.6,0,0,0.0,0.1295,template
6.7,0,0,0.0,0.1295,template
6.8,0,0,0.0,0.1295,template
6.9,0,0,0.00265377,0.1295,template
7.0,0,0,0.0,0.1295,template
7.1,0,0,0.0,0.1295,template
7.2,0,0,0.45833784,0.1295,template
7.3,0,0,0.4183107,0.1295,template
7.4,0,0,3.52e-05,0.1295,template
7.5,0,0,0.0,0.1295,template
7.6,0,0,0.0,0.1295,template
7.7,0,0,0.0,0.1295,template
7.8,0,0,0.0,0.1295,template
7.9,0,0,0.0,0.1295,template
8.0,0,0,0.06154081,0.1295,template
8.1,0,0,0.0,0.1295,template
8.2,0,0,0.0,0.1295,template
8.3,0,0,0.0,0.1295,template
8.4,0,0,0.0,0.1295,template
8.5,0,0,0.0,0.1295,template
8.6,0,0,0.0,0.1295,template
8.7,0,0,0.0,0.1295,template
8.8,0,0,0.0,0.1295,template
8.9,0,0,0.0,0.1295,template
9.0,0,0,0.0,0.1295,template
9.1,0,0,0.0,0.1295,template
9.2,0,0,0.0,0.1295,template
9.3,0,0,0.0,0.1295,template
9.4,0,0,0.0,0.1295,template
9.5,0,0,0.0,0.1295,template
9.6,0,0,0.0,0.1295,template
9.7,0,0,0.0,0.1295,template
9.8,0,0,0.0,0.1295,template
9.9,0,0,0.0,0.1295,template
10.0,0,0,0.0,0.1295,template
10.1,0,0,0.0,0.1295,template
10.2,0,0,0.0,0.1295,template
10.3,0,0,0.0,0.1295,template
10.4,0,0,0.0,0.1295,template
10.5,0,0,0.0,0.1295,template
10.6,0,0,0.0,0.1295,template
10.7,0,0,0.0,0.1295,template
10.8,0,0,0.0,0.1295,template
10.9,0,0,0.0,0.1295,template
11.0,0,0,0.0,0.1295,template
11.1,0,0,0.0,0.1295,template
11.2,0,0,0.0,0.1295,template
11.3,0,0,0.0,0.1295,template
11.4,0,0,0.0,0.1295,template
11.5,0,0,0.0,0.1295,template
11.6,0,0,0.0,0.1295,template
11.7,0,0,0.0,0.1295,template
11.8,0,0,0.0,0.1295,template
11.9,0,0,0.0,0.1295,template
12.0,0,0,0.0,0.1295,template
12.1,0,0,0.24398404,0.1295,template
12.2,0,0,0.50874194,0.1295,template
12.3,0,0,0.49678836,0.1295,template
12.4,0,0,0.46430321,0.1295,template
12.5,0,0,0.45753338,0.1295,template
12.6,0,0,0.46147186,0.1295,template
12.7,0,0,0.48677612,0.1295,template
12.8,0,0,0.45920928,0.1295,template
12.9,0,0,0.37220616,0.1295,template
13.0,0,0,0.365314,0.1295,template
13.1,0,0,0.4964373,0.1295,template
13.2,0,0,0.35561574,0.1295,template
13.3,0,0,0.37375708,0.1295,template
13.4,0,0,0.41191832,0.1295,template
13.5,0,0,0.40665385,0.1295,template
13.6,0,0,0.30898249,0.1295,template
13.7,0,0,0.34912381,0.1295,template
13.8,0,0,0.5699519,0.1295,template
13.9,0,0,0.39609784,0.1295,template
14.0,0,0,0.53011759,0.1295,template
14.1,0,0,0.46639153,0.1295,template
14.2,0,0,0.40995781,0.1295,template
14.3,0,0,0.47744063,0.1295,template
14.4,0,0,0.31394377,0.1295,template
14.5,0,0,0.0,0.1295,template
14.6,0,0,0.0,0.1295,template
14.7,0,0,0.0,0.1295,template
14.8,0,0,0.22913113,0.1295,template
14.9,0,0,0.0001728,0.1295,template
15.0,0,0,0.0,0.1295,template
15.1,0,0,0.0,0.1295,template
15.2,0,0,0.0,0.1295,template
15.3,0,0,0.0,0.1295,template
15.4,0,0,0.0,0.1295,template
15.5,0,0,0.0,0.1295,template
15.6,0,0,0.0,0.1295,template
15.7,0,0,0.0,0.1295,template
15.8,0,0,0.00016224,0.1295,template
15.9,0,0,0.05045018,0.1295,template
16.0,0,0,0.0,0.1295,template
16.1,0,0,0.0,0.1295,template
16.2,0,0,0.0,0.1295,template
16.3,0,0,0.0,0.1295,template
16.4,0,0,0.0484812,0.1295,template
16.5,5,4-7,0.40029848,0.0735,template
16.6,5,4-7,0.07238632,0.0735,template
16.7,5,4-7,0.05805791,0.0735,template
16.8,5,4-7,0.06953893,0.0735,template
16.9,5,4-7,0.07190439,0.0735,template
17.0,5,4-7,0.06949669,0.0735,template
17.1,5,4-7,0.04238552,0.0735,template
17.2,5,4-7,0.07733836,0.0735,template
17.3,3,2-3,0.07181958,0.0681,template
17.4,3,2-3,0.06916133,0.0681,template
17.5,2,2-3,0.06801606,0.0681,template
17.6,1,1,0.06083456,0.0645,template
17.7,1,1,0.06868229,0.0645,template
17.8,1,1,0.06887397,0.0645,template
17.9,1,1,0.06884453,0.0645,template
18.0,1,1,0.06899973,0.0645,template
18.1,0,0,0.02270956,0.1295,template
18.2,3,2-3,0.04832027,0.0681,template
18.3,5,4-7,0.07840619,0.0735,template
18.4,5,4-7,0.06949925,0.0735,template
18.5,5,4-7,0.0722119,0.0735,template
18.6,5,4-7,0.06074178,0.0735,template
18.7,5,4-7,0.0695434,0.0735,template
18.8,4,4-7,0.06928198,0.0735,template
18.9,4,4-7,0.06927013,0.0735,template
19.0,3,2-3,0.07190886,0.0681,template
19.1,2,2-3,0.05775775,0.0681,template
19.2,2,2-3,0.06908646,0.0681,template
19.3,2,2-3,0.06529795,0.0681,template
19.4,2,2-3,0.0778958,0.0681,template
19.5,2,2-3,0.06902854,0.0681,template
19.6,2,2-3,0.07137158,0.0681,template
19.7,2,2-3,0.06156129,0.0681,template
19.8,2,2-3,0.06513124,0.0681,template
19.9,2,2-3,0.07422662,0.0681,template
20.0,2,2-3,0.06905925,0.0681,template
20.1,2,2-3,0.06896997,0.0681,template
20.2,2,2-3,0.06899621,0.0681,template
20.3,2,2-3,0.06452673,0.0681,template
20.4,0,0,0.04609145,0.1295,template
20.5,3,2-3,0.07722541,0.0681,template
20.6,4,4-7,0.079299,0.0735,template
20.7,5,4-7,0.07074567,0.0735,template
20.8,5,4-7,0.06958407,0.0735,template
20.9,5,4-7,0.06951176,0.0735,template
21.0,4,4-7,0.06937893,0.0735,template
21.1,4,4-7,0.06019297,0.0735,template
21.2,4,4-7,0.0694983,0.0735,template
21.3,4,4-7,0.07162759,0.0735,template
21.4,3,2-3,0.07207016,0.0681,template
21.5,2,2-3,0.0690327,0.0681,template
21.6,2,2-3,0.07143721,0.0681,template
21.7,2,2-3,0.06177455,0.0681,template
21.8,2,2-3,0.06495733,0.0681,template
21.9,1,1,0.0541981,0.0645,template
22.0,2,2-3,0.07662918,0.0681,template
22.1,3,2-3,0.07581613,0.0681,template
22.2,3,2-3,0.07272559,0.0681,template
22.3,5,4-7,0.07577922,0.0735,template
22.4,5,4-7,0.06961607,0.0735,template
22.5,5,4-7,0.06955686,0.0735,template
22.6,5,4-7,0.06008367,0.0735,template
22.7,5,4-7,0.06753208,0.0735,template
22.8,5,4-7,0.06958694,0.0735,template
22.9,5,4-7,0.07186088,0.0735,template
23.0,5,4-7,0.05788897,0.0735,template
23.1,3,2-3,0.0695463,0.0681,template
23.2,3,2-3,0.07172007,0.0681,template
23.3,3,2-3,0.06938535,0.0681,template
23.4,3,2-3,0.06931142,0.0681,template
23.5,3,2-3,0.0742545,0.0681,template
23.6,3,2-3,0.05773217,0.0681,template
23.7,3,2-3,0.06955398,0.0681,template
23.8,3,2-3,0.07176519,0.0681,template
23.9,3,2-3,0.07200711,0.0681,template
24.0,2,2-3,0.06908646,0.0681,template
24.1,2,2-3,0.06670215,0.0681,template
24.2,2,2-3,0.07715628,0.0681,template
24.3,1,1,0.06895525,0.0645,template
24.4,1,1,0.07107849,0.0645,template
24.5,1,1,0.05761025,0.0645,template
24.6,1,1,0.06894854,0.0645,template
24.7,1,1,0.07338857,0.0645,template
24.8,1,1,0.06870758,0.0645,template
24.9,1,1,0.05739259,0.0645,template
25.0,4,4-7,0.0847124,0.0735,template
25.1,4,4-7,0.07167753,0.0735,template
25.2,5,4-7,0.06794635,0.0735,template
25.3,5,4-7,0.06432224,0.0735,template
25.4,5,4-7,0.06972968,0.0735,template
25.5,5,4-7,0.07215304,0.0735,template
25.6,5,4-7,0.06954119,0.0735,template
25.7,5,4-7,0.06016514,0.0735,template
25.8,5,4-7,0.06962023,0.0735,template
25.9,5,4-7,0.07188777,0.0735,template
26.0,4,4-7,0.06947592,0.0735,template
26.1,4,4-7,0.06990269,0.0735,template
26.2,4,4-7,0.05945356,0.0735,template
26.3,4,4-7,0.07443052,0.0735,template
26.4,3,2-3,0.06945832,0.0681,template
26.5,3,2-3,0.06932839,0.0681,template
26.6,2,2-3,0.06911304,0.0681,template
26.7,2,2-3,0.05747456,0.0681,template
26.8,2,2-3,0.06906345,0.0681,template
26.9,2,2-3,0.07176553,0.0681,template
27.0,2,2-3,0.06907655,0.0681,template
27.1,2,2-3,0.07147433,0.0681,template
27.2,1,1,0.06002309,0.0645,template
27.3,0,0,0.04471672,0.1295,template
27.4,4,4-7,0.07566092,0.0735,template
27.5,5,4-7,0.07245768,0.0735,template
27.6,5,4-7,0.07228456,0.0735,template
27.7,5,4-7,0.07198281,0.0735,template
27.8,5,4-7,0.06028931,0.0735,template
27.9,5,4-7,0.06952967,0.0735,template
28.0,5,4-7,0.07232425,0.0735,template
28.1,3,2-3,0.07163529,0.0681,template
28.2,3,2-3,0.06930922,0.0681,template
28.3,3,2-3,0.05775043,0.0681,template
28.4,2,2-3,0.07144521,0.0681,template
28.5,1,1,0.07120234,0.0645,template
28.6,1,1,0.06903207,0.0645,template
28.7,1,1,0.07143275,0.0645,template
28.8,6,4-7,0.07062283,0.0735,template
28.9,6,4-7,0.06986057,0.0735,template
29.0,6,4-7,0.07215979,0.0735,template
29.1,6,4-7,0.06059748,0.0735,template
29.2,6,4-7,0.06986697,0.0735,template
29.3,9,8-15,0.07598061,0.0838,template
29.4,10,8-15,0.08949266,0.0838,template
29.5,10,8-15,0.07509642,0.0838,template
29.6,10,8-15,0.05852386,0.0838,template
29.7,10,8-15,0.07022153,0.0838,template
29.8,10,8-15,0.07026665,0.0838,template
29.9,10,8-15,0.07100617,0.0838,template
30.0,8,8-15,0.07797006,0.0838,template
30.1,8,8-15,0.06502155,0.0838,template
30.2,6,4-7,0.06544963,0.0735,template
30.3,6,4-7,0.07243274,0.0735,template
30.4,6,4-7,0.07220747,0.0735,template
30.5,5,4-7,0.05789569,0.0735,template
30.6,5,4-7,0.63697199,0.0735,template
30.7,5,4-7,0.14510138,0.0735,template
30.8,3,2-3,0.0719185,0.0681,template
30.9,3,2-3,0.05775681,0.0681,template
31.0,3,2-3,0.06933288,0.0681,template
31.1,2,2-3,0.06925129,0.0681,template
31.2,2,2-3,0.071794,0.0681,template
31.3,3,2-3,0.07619254,0.0681,template
31.4,3,2-3,0.08774224,0.0681,template
31.5,8,8-15,0.08247568,0.0838,template
31.6,8,8-15,0.07252875,0.0838,template
31.7,9,8-15,0.08830324,0.0838,template
31.8,9,8-15,0.07396908,0.0838,template
31.9,9,8-15,0.07260778,0.0838,template
32.0,9,8-15,0.0602714,0.0838,template
32.1,9,8-15,0.08515794,0.0838,template
32.2,9,8-15,0.06705554,0.0838,template
32.3,10,8-15,0.07767333,0.0838,template
32.4,8,8-15,0.07224908,0.0838,template
32.5,9,8-15,0.0791467,0.0838,template
32.6,9,8-15,0.09322584,0.0838,template
32.7,8,8-15,0.06363878,0.0838,template
32.8,8,8-15,0.06979402,0.0838,template
32.9,7,4-7,0.07596109,0.0735,template
33.0,6,4-7,0.072355,0.0735,template
33.1,6,4-7,0.07200779,0.0735,template
33.2,6,4-7,0.07242121,0.0735,template
33.3,5,4-7,0.06021731,0.0735,template
33.4,4,4-7,0.0747806,0.0735,template
33.5,2,2-3,0.07829443,0.0681,template
33.6,6,4-7,0.08313321,0.0735,template
33.7,8,8-15,0.07256483,0.0838,template
33.8,8,8-15,0.06981673,0.0838,template
33.9,9,8-15,0.08007309,0.0838,template
34.0,9,8-15,0.07016167,0.0838,template
34.1,9,8-15,0.05834337,0.0838,template
34.2,8,8-15,0.07752524,0.0838,template
34.3,7,4-7,0.06917515,0.0735,template
34.4,7,4-7,0.07245867,0.0735,template
34.5,6,4-7,0.08796946,0.0735,template
34.6,7,4-7,0.07731053,0.0735,template
34.7,8,8-15,0.09154837,0.0838,template
34.8,6,4-7,0.06086057,0.0735,template
34.9,7,4-7,0.08790031,0.0735,template
35.0,8,8-15,0.08068301,0.0838,template
35.1,7,4-7,0.07494348,0.0735,template
35.2,7,4-7,0.07223116,0.0735,template
35.3,7,4-7,0.05832227,0.0735,template
35.4,8,8-15,0.07355436,0.0838,template
35.5,9,8-15,0.12147716,0.0838,template
35.6,10,8-15,0.07693903,0.0838,template
35.7,9,8-15,0.07277898,0.0838,template
35.8,9,8-15,0.07507822,0.0838,template
35.9,9,8-15,0.08474258,0.0838,template
36.0,10,8-15,0.08772439,0.0838,template
36.1,9,8-15,0.07269995,0.0838,template
36.2,7,4-7,0.06851999,0.0735,template
36.3,6,4-7,0.05948399,0.0735,template
36.4,6,4-7,0.09030361,0.0735,template
36.5,5,4-7,0.05795939,0.0735,template
36.6,6,4-7,0.07627692,0.0735,template
36.7,6,4-7,0.06895469,0.0735,template
36.8,6,4-7,0.06972935,0.0735,template
36.9,4,4-7,0.09160408,0.0735,template
37.0,4,4-7,0.07465646,0.0735,template
37.1,1,1,0.06905799,0.0645,template
37.2,7,4-7,0.10686157,0.0735,template
37.3,9,8-15,0.0947924,0.0838,template
37.4,10,8-15,0.08626869,0.0838,template
37.5,11,8-15,0.10169402,0.0838,template
37.6,12,8-15,0.08661427,0.0838,template
37.7,11,8-15,0.07290219,0.0838,template
37.8,10,8-15,0.0586237,0.0838,template
37.9,10,8-15,0.07276427,0.0838,template
38.0,9,8-15,0.07013546,0.0838,template
38.1,9,8-15,0.06070661,0.0838,template
38.2,8,8-15,0.07213387,0.0838,template
38.3,8,8-15,0.07113024,0.0838,template
38.4,7,4-7,0.0618331,0.0735,template
38.5,2,2-3,0.07376905,0.0681,template
38.6,3,2-3,0.07682223,0.0681,template
38.7,6,4-7,0.08771319,0.0735,template
38.8,7,4-7,0.08161638,0.0735,template
38.9,11,8-15,0.10994572,0.0838,template
39.0,11,8-15,0.07037418,0.0838,template
39.1,11,8-15,0.07435369,0.0838,template
39.2,11,8-15,0.0624705,0.0838,template
39.3,12,8-15,0.08308465,0.0838,template
39.4,12,8-15,0.07293707,0.0838,template
39.5,11,8-15,0.07286472,0.0838,template
39.6,10,8-15,0.05863107,0.0838,template
39.7,12,8-15,0.09591448,0.0838,template
39.8,12,8-15,0.06132452,0.0838,template
39.9,12,8-15,0.07305709,0.0838,template
40.0,9,8-15,0.07007882,0.0838,template
40.1,7,4-7,0.06073028,0.0735,template
40.2,7,4-7,0.0898466,0.0735,template
40.3,8,8-15,0.08148527,0.0838,template
40.4,7,4-7,0.07232971,0.0735,template
40.5,7,4-7,0.07243053,0.0735,template
40.6,7,4-7,0.05812803,0.0735,template
40.7,7,4-7,0.09408727,0.0735,template
40.8,5,4-7,0.0591791,0.0735,template
40.9,5,4-7,0.07332061,0.0735,template
41.0,5,4-7,0.06951978,0.0735,template
41.1,4,4-7,0.08754953,0.0735,template
41.2,4,4-7,0.06837875,0.0735,template
41.3,4,4-7,0.07160747,0.0735,template
41.4,5,4-7,0.09593494,0.0735,template
41.5,7,4-7,0.1220536,0.0735,template
41.6,10,8-15,0.10229946,0.0838,template
41.7,12,8-15,0.08921939,0.0838,template
41.8,11,8-15,0.09311029,0.0838,template
41.9,12,8-15,0.05869636,0.0838,template
42.0,12,8-15,0.07035339,0.0838,template
42.1,12,8-15,0.06107428,0.0838,template
42.2,11,8-15,0.07045674,0.0838,template
42.3,12,8-15,0.08293079,0.0838,template
42.4,11,8-15,0.07005957,0.0838,template
42.5,10,8-15,0.07027723,0.0838,template
42.6,10,8-15,0.06075812,0.0838,template
42.7,4,4-7,0.079468,0.0735,template
42.8,5,4-7,0.07390893,0.0735,template
42.9,5,4-7,0.06477011,0.0735,template
43.0,3,2-3,0.08009319,0.0681,template
43.1,2,2-3,0.06932298,0.0681,template
43.2,1,1,0.07404716,0.0645,template
43.3,6,4-7,0.10037234,0.0735,template
43.4,10,8-15,0.14422171,0.0838,template
43.5,12,8-15,0.11305635,0.0838,template
43.6,12,8-15,0.07302572,0.0838,template
43.7,12,8-15,0.05865443,0.0838,template
43.8,12,8-15,0.07040906,0.0838,template
43.9,17,16-31,0.09810235,0.0996,template
44.0,16,16-31,0.06909684,0.0996,template
44.1,15,8-15,0.06379036,0.0838,template
44.2,12,8-15,0.0704721,0.0838,template
44.3,12,8-15,0.07862841,0.0838,template
44.4,13,8-15,0.07840643,0.0838,template
44.5,12,8-15,0.0799851,0.0838,template
44.6,11,8-15,0.1051549,0.0838,template
44.7,12,8-15,0.05859683,0.0838,template
44.8,9,8-15,0.07010953,0.0838,template
44.9,9,8-15,0.07274858,0.0838,template
45.0,8,8-15,0.0589538,0.0838,template
45.1,4,4-7,0.07126009,0.0735,template
45.2,9,8-15,0.13086222,0.0838,template
45.3,11,8-15,0.10026264,0.0838,template
45.4,11,8-15,0.08547157,0.0838,template
45.5,13,8-15,0.10746592,0.0838,template
45.6,13,8-15,0.0833637,0.0838,template
45.7,12,8-15,0.07067148,0.0838,template
45.8,13,8-15,0.06225383,0.0838,template
45.9,13,8-15,0.07097706,0.0838,template
46.0,12,8-15,0.06110084,0.0838,template
46.1,12,8-15,0.07033131,0.0838,template
46.2,8,8-15,0.06981609,0.0838,template
46.3,8,8-15,0.0899436,0.0838,template
46.4,7,4-7,0.08634486,0.0735,template
46.5,6,4-7,0.07216108,0.0735,template
46.6,7,4-7,0.08166608,0.0735,template
46.7,7,4-7,0.06994633,0.0735,template
46.8,7,4-7,0.0932431,0.0735,template
46.9,9,8-15,0.08612723,0.0838,template
47.0,10,8-15,0.0848482,0.0838,template
47.1,11,8-15,0.12187079,0.0838,template
47.2,12,8-15,0.11623076,0.0838,template
47.3,12,8-15,0.07044585,0.0838,template
47.4,11,8-15,0.08191221,0.0838,template
47.5,12,8-15,0.14692474,0.0838,template
47.6,12,8-15,0.10748418,0.0838,template
47.7,11,8-15,0.07032521,0.0838,template
47.8,10,8-15,0.06117797,0.0838,template
47.9,11,8-15,0.11141694,0.0838,template
48.0,13,8-15,0.10711105,0.0838,template
48.1,15,8-15,0.10501151,0.0838,template
48.2,16,16-31,0.11772329,0.0996,template
48.3,15,8-15,0.07331564,0.0838,template
48.4,18,16-31,0.11769285,0.0996,template
48.5,15,8-15,0.10108099,0.0838,template
48.6,15,8-15,0.06666423,0.0838,template
48.7,13,8-15,0.10796403,0.0838,template
48.8,12,8-15,0.08205522,0.0838,template
48.9,12,8-15,0.30710816,0.0838,template
49.0,11,8-15,0.21818585,0.0838,template
49.1,10,8-15,0.07027946,0.0838,template
49.2,9,8-15,0.05846275,0.0838,template
49.3,8,8-15,0.07257868,0.0838,template
49.4,5,4-7,0.07217898,0.0735,template
49.5,7,4-7,0.08044275,0.0735,template
49.6,7,4-7,0.05818242,0.0735,template
49.7,6,4-7,0.06972009,0.0735,template
49.8,7,4-7,0.1041987,0.0735,template
49.9,12,8-15,0.14683385,0.0838,template
50.0,15,8-15,0.11396295,0.0838,template
50.1,16,16-31,0.16911721,0.0996,template
50.2,18,16-31,0.11577607,0.0996,template
50.3,19,16-31,0.09997948,0.0996,template
50.4,17,16-31,0.08477747,0.0996,template
50.5,18,16-31,0.07596911,0.0996,template
50.6,18,16-31,0.09260921,0.0996,template
50.7,16,16-31,0.07239019,0.0996,template
50.8,13,8-15,0.06153919,0.0838,template
50.9,13,8-15,0.07026641,0.0838,template
51.0,13,8-15,0.09211226,0.0838,template
51.1,12,8-15,0.09156823,0.0838,template
51.2,12,8-15,0.06131781,0.0838,template
51.3,10,8-15,0.07019209,0.0838,template
51.4,9,8-15,0.07801968,0.0838,template
51.5,7,4-7,0.07227627,0.0735,template
51.6,5,4-7,0.0698177,0.0735,template
51.7,5,4-7,0.07194251,0.0735,template
51.8,5,4-7,0.05791138,0.0735,template
51.9,7,4-7,0.09717973,0.0735,template
52.0,9,8-15,0.09559319,0.0838,template
52.1,9,8-15,0.0897711,0.0838,template
52.2,9,8-15,0.06075908,0.0838,template
52.3,9,8-15,0.09266776,0.0838,template
52.4,10,8-15,0.10282394,0.0838,template
52.5,17,16-31,0.12268237,0.0996,template
52.6,18,16-31,0.09348087,0.0996,template
52.7,17,16-31,0.07690424,0.0996,template
52.8,18,16-31,0.07931018,0.0996,template
52.9,18,16-31,0.06172323,0.0996,template
53.0,15,8-15,0.08178482,0.0838,template
53.1,16,16-31,0.13657838,0.0996,template
53.2,16,16-31,0.08092689,0.0996,template
53.3,17,16-31,0.12708589,0.0996,template
53.4,18,16-31,0.10591231,0.0996,template
53.5,17,16-31,0.15160989,0.0996,template
53.6,15,8-15,0.0706817,0.0838,template
53.7,15,8-15,0.05894468,0.0838,template
53.8,12,8-15,0.0704721,0.0838,template
53.9,10,8-15,0.07363564,0.0838,template
54.0,11,8-15,0.09857855,0.0838,template
54.1,14,8-15,0.12972942,0.0838,template
54.2,13,8-15,0.07036424,0.0838,template
54.3,14,8-15,0.06383752,0.0838,template
54.4,14,8-15,0.09256629,0.0838,template
54.5,14,8-15,0.07404461,0.0838,template
54.6,14,8-15,0.08653554,0.0838,template
54.7,12,8-15,0.07041708,0.0838,template
54.8,12,8-15,0.05862948,0.0838,template
54.9,13,8-15,0.09653501,0.0838,template
55.0,12,8-15,0.08226256,0.0838,template
55.1,12,8-15,0.07897008,0.0838,template
55.2,10,8-15,0.08516179,0.0838,template
55.3,12,8-15,0.13572785,0.0838,template
55.4,12,8-15,0.08584498,0.0838,template
55.5,12,8-15,0.11853352,0.0838,template
55.6,14,8-15,0.12033834,0.0838,template
55.7,17,16-31,0.10823363,0.0996,template
55.8,16,16-31,0.10055453,0.0996,template
55.9,18,16-31,0.11445667,0.0996,template
56.0,18,16-31,0.09250106,0.0996,template
56.1,18,16-31,0.06173189,0.0996,template
56.2,16,16-31,0.07043626,0.0996,template
56.3,16,16-31,0.05882308,0.0996,template
56.4,15,8-15,0.07333229,0.0838,template
56.5,14,8-15,0.07064682,0.0838,template
56.6,11,8-15,0.05865731,0.0838,template
56.7,7,4-7,0.08048111,0.0735,template
56.8,10,8-15,0.08817528,0.0838,template
56.9,11,8-15,0.09357844,0.0838,template
57.0,8,8-15,0.07501933,0.0838,template
57.1,10,8-15,0.08821879,0.0838,template
57.2,12,8-15,0.08140367,0.0838,template
57.3,12,8-15,0.05872035,0.0838,template
57.4,12,8-15,0.07040906,0.0838,template
57.5,10,8-15,0.07016236,0.0838,template
57.6,10,8-15,0.05859106,0.0838,template
57.7,9,8-15,0.07021833,0.0838,template
57.8,9,8-15,0.07007307,0.0838,template
57.9,14,8-15,0.08278164,0.0838,template
58.0,14,8-15,0.07051594,0.0838,template
58.1,14,8-15,0.06131749,0.0838,template
58.2,12,8-15,0.09998714,0.0838,template
58.3,11,8-15,0.08334193,0.0838,template
58.4,16,16-31,0.13227564,0.0996,template
58.5,16,16-31,0.10479456,0.0996,template
58.6,18,16-31,0.1752033,0.0996,template
58.7,18,16-31,0.06172645,0.0996,template
58.8,18,16-31,0.06173733,0.0996,template
58.9,16,16-31,0.07183947,0.0996,template
59.0,15,8-15,0.05895843,0.0838,template
59.1,14,8-15,0.07062571,0.0838,template
59.2,11,8-15,0.07267915,0.0838,template
59.3,10,8-15,0.05853892,0.0838,template
59.4,10,8-15,0.0702145,0.0838,template
59.5,8,8-15,0.06981579,0.0838,template
59.6,7,4-7,0.06210901,0.0735,template
59.7,7,4-7,0.07754529,0.0735,template
59.8,6,4-7,0.07856046,0.0735,template
59.9,6,4-7,0.06056452,0.0735,template
60.0,6,4-7,0.06977066,0.0735,template
60.1,5,4-7,0.06960966,0.0735,template
60.2,5,4-7,0.0695431,0.0735,template
60.3,5,4-7,0.05823405,0.0735,template
60.4,6,4-7,0.07865091,0.0735,template
60.5,9,8-15,0.12693066,0.0838,template
60.6,11,8-15,0.09513434,0.0838,template
60.7,12,8-15,0.12842061,0.0838,template
60.8,16,16-31,0.10739139,0.0996,template
60.9,15,8-15,0.1104925,0.0838,template
61.0,15,8-15,0.058857,0.0838,template
61.1,14,8-15,0.07329644,0.0838,template
61.2,14,8-15,0.06376104,0.0838,template
61.3,18,16-31,0.11928806,0.0996,template
61.4,17,16-31,0.06200069,0.0996,template
61.5,17,16-31,0.06159781,0.0996,template
61.6,17,16-31,0.10796287,0.0996,template
61.7,16,16-31,0.07318443,0.0996,template
61.8,16,16-31,0.08186897,0.0996,template
61.9,15,8-15,0.0966732,0.0838,template
62.0,16,16-31,0.13367986,0.0996,template
62.1,14,8-15,0.07614704,0.0838,template
62.2,14,8-15,0.06854063,0.0838,template
62.3,13,8-15,0.06089153,0.0838,template
62.4,13,8-15,0.07048393,0.0838,template
62.5,13,8-15,0.10410686,0.0838,template
62.6,17,16-31,0.14619351,0.0996,template
62.7,18,16-31,0.06169254,0.0996,template
62.8,18,16-31,0.09419098,0.0996,template
62.9,19,16-31,0.09590232,0.0996,template
63.0,21,16-31,0.13403917,0.0996,template
63.1,21,16-31,0.06188293,0.0996,template
63.2,20,16-31,0.1026112,0.0996,template
63.3,18,16-31,0.07840271,0.0996,template
63.4,18,16-31,0.0616682,0.0996,template
63.5,16,16-31,0.05986341,0.0996,template
63.6,16,16-31,0.07065194,0.0996,template
63.7,15,8-15,0.05888708,0.0838,template
63.8,13,8-15,0.07056362,0.0838,template
63.9,11,8-15,0.07038154,0.0838,template
64.0,10,8-15,0.06084004,0.0838,template
64.1,10,8-15,0.10169821,0.0838,template
64.2,15,8-15,0.1075552,0.0838,template
64.3,17,16-31,0.13095599,0.0996,template
64.4,18,16-31,0.12735689,0.0996,template
64.5,18,16-31,0.06171973,0.0996,template
64.6,18,16-31,0.06168101,0.0996,template
64.7,18,16-31,0.0653861,0.0996,template
64.8,18,16-31,0.07298273,0.0996,template
64.9,17,16-31,0.07729609,0.0996,template
65.0,19,16-31,0.14274298,0.0996,template
65.1,20,16-31,0.10024,0.0996,template
65.2,23,16-31,0.1403932,0.0996,template
65.3,20,16-31,0.06195173,0.0996,template
65.4,18,16-31,0.06529068,0.0996,template
65.5,17,16-31,0.07806957,0.0996,template
65.6,16,16-31,0.06116964,0.0996,template
65.7,15,8-15,0.07076331,0.0838,template
65.8,12,8-15,0.11205346,0.0838,template
65.9,13,8-15,0.09922458,0.0838,template
66.0,14,8-15,0.09787354,0.0838,template
66.1,18,16-31,0.14958232,0.0996,template
66.2,19,16-31,0.09569113,0.0996,template
66.3,19,16-31,0.06172006,0.0996,template
66.4,19,16-31,0.07401772,0.0996,template
66.5,19,16-31,0.06424935,0.0996,template
66.6,16,16-31,0.05994754,0.0996,template
66.7,13,8-15,0.07069835,0.0838,template
66.8,13,8-15,0.07047274,0.0838,template
66.9,12,8-15,0.06127429,0.0838,template
67.0,9,8-15,0.07019627,0.0838,template
67.1,7,4-7,0.06990218,0.0735,template
67.2,6,4-7,0.06044068,0.0735,template
67.3,7,4-7,0.08136914,0.0735,template
67.4,11,8-15,0.10338849,0.0838,template
67.5,12,8-15,0.09659384,0.0838,template
67.6,16,16-31,0.1463801,0.0996,template
67.7,21,16-31,0.17560933,0.0996,template
67.8,25,16-31,0.12755287,0.0996,template
67.9,25,16-31,0.10560172,0.0996,template
68.0,26,16-31,0.05316375,0.0996,template
68.1,25,16-31,0.06223397,0.0996,template
68.2,25,16-31,0.06236101,0.0996,template
68.3,24,16-31,0.06200103,0.0996,template
68.4,23,16-31,0.11594819,0.0996,template
68.5,21,16-31,0.06446054,0.0996,template
68.6,17,16-31,0.06173092,0.0996,template
68.7,15,8-15,0.07119978,0.0838,template
68.8,14,8-15,0.07066666,0.0838,template
68.9,17,16-31,0.12088103,0.0996,template
69.0,17,16-31,0.07396587,0.0996,template
69.1,16,16-31,0.08446836,0.0996,template
69.2,13,8-15,0.07053099,0.0838,template
69.3,13,8-15,0.05866724,0.0838,template
69.4,13,8-15,0.07289323,0.0838,template
69.5,9,8-15,0.0701537,0.0838,template
69.6,8,8-15,0.05808867,0.0838,template
69.7,6,4-7,0.08174192,0.0735,template
69.8,10,8-15,0.09326806,0.0838,template
69.9,14,8-15,0.11803689,0.0838,template
70.0,17,16-31,0.06971178,0.0996,template
70.1,18,16-31,0.10956153,0.0996,template
70.2,18,16-31,0.07090868,0.0996,template
70.3,19,16-31,0.08768084,0.0996,template
70.4,19,16-31,0.06174757,0.0996,template
70.5,19,16-31,0.10369504,0.0996,template
70.6,17,16-31,0.06102917,0.0996,template
70.7,18,16-31,0.12875374,0.0996,template
70.8,19,16-31,0.09791068,0.0996,template
70.9,18,16-31,0.13579119,0.0996,template
71.0,17,16-31,0.10357569,0.0996,template
71.1,18,16-31,0.12089768,0.0996,template
71.2,18,16-31,0.10112287,0.0996,template
71.3,20,16-31,0.09741534,0.0996,template
71.4,20,16-31,0.10397951,0.0996,template
71.5,19,16-31,0.0618154,0.0996,template
71.6,19,16-31,0.06173318,0.0996,template
71.7,18,16-31,0.06171045,0.0996,template
71.8,18,16-31,0.09914079,0.0996,template
71.9,15,8-15,0.13388843,0.0838,template
72.0,15,8-15,0.06155333,0.0838,template
72.1,15,8-15,0.0992041,0.0838,template
72.2,15,8-15,0.05884997,0.0838,template
72.3,12,8-15,0.07051401,0.0838,template
72.4,15,8-15,0.14159734,0.0838,template
72.5,16,16-31,0.07251789,0.0996,template
72.6,16,16-31,0.11709445,0.0996,template
72.7,15,8-15,0.11362819,0.0838,template
72.8,17,16-31,0.06049188,0.0996,template
72.9,17,16-31,0.1258638,0.0996,template
73.0,21,16-31,0.11030867,0.0996,template
73.1,20,16-31,0.09855055,0.0996,template
73.2,23,16-31,0.13827672,0.0996,template
73.3,24,16-31,0.15783394,0.0996,template
73.4,24,16-31,0.07925582,0.0996,template
73.5,21,16-31,0.06191078,0.0996,template
73.6,19,16-31,0.09474649,0.0996,template
73.7,19,16-31,0.14318836,0.0996,template
73.8,21,16-31,0.13171184,0.0996,template
73.9,22,16-31,0.10132028,0.0996,template
74.0,22,16-31,0.08508621,0.0996,template
74.1,23,16-31,0.14191124,0.0996,template
74.2,21,16-31,0.09991768,0.0996,template
74.3,19,16-31,0.10055133,0.0996,template
74.4,19,16-31,0.06171559,0.0996,template
74.5,21,16-31,0.10746023,0.0996,template
74.6,19,16-31,0.06340831,0.0996,template
74.7,19,16-31,0.10019229,0.0996,template
74.8,19,16-31,0.09184184,0.0996,template
74.9,19,16-31,0.06180837,0.0996,template
75.0,18,16-31,0.0616602,0.0996,template
75.1,16,16-31,0.07161162,0.0996,template
75.2,15,8-15,0.08206515,0.0838,template
75.3,15,8-15,0.12974636,0.0838,template
75.4,24,16-31,0.18524079,0.0996,template
75.5,26,16-31,0.07465357,0.0996,template
75.6,26,16-31,0.10099803,0.0996,template
75.7,24,16-31,0.07438924,0.0996,template
75.8,24,16-31,0.06206981,0.0996,template
75.9,20,16-31,0.06193925,0.0996,template
76.0,21,16-31,0.0974582,0.0996,template
76.1,21,16-31,0.10708644,0.0996,template
76.2,23,16-31,0.09499928,0.0996,template
76.3,20,16-31,0.06415335,0.0996,template
76.4,20,16-31,0.06178596,0.0996,template
76.5,19,16-31,0.06178852,0.0996,template
76.6,18,16-31,0.06677685,0.0996,template
76.7,16,16-31,0.06626232,0.0996,template
76.8,12,8-15,0.07040747,0.0838,template
76.9,11,8-15,0.0725502,0.0838,template
77.0,11,8-15,0.05856803,0.0838,template
77.1,10,8-15,0.07024361,0.0838,template
77.2,9,8-15,0.05843654,0.0838,template
77.3,8,8-15,0.11152378,0.0838,template
77.4,14,8-15,0.15951647,0.0838,template
77.5,17,16-31,0.14770296,0.0996,template
77.6,19,16-31,0.14245654,0.0996,template
77.7,20,16-31,0.10268416,0.0996,template
77.8,22,16-31,0.13061353,0.0996,template
77.9,27,16-31,0.20615356,0.0996,template
78.0,27,16-31,0.06426438,0.0996,template
78.1,27,16-31,0.12454987,0.0996,template
78.2,27,16-31,0.06220711,0.0996,template
78.3,27,16-31,0.04981917,0.0996,template
78.4,25,16-31,0.06223653,0.0996,template
78.5,24,16-31,0.06220999,0.0996,template
78.6,21,16-31,0.09663369,0.0996,template
78.7,23,16-31,0.14921735,0.0996,template
78.8,22,16-31,0.13823062,0.0996,template
78.9,20,16-31,0.06180294,0.0996,template
79.0,19,16-31,0.1463963,0.0996,template
79.1,17,16-31,0.08373377,0.0996,template
79.2,17,16-31,0.09084599,0.0996,template
79.3,17,16-31,0.07490414,0.0996,template
79.4,15,8-15,0.05891843,0.0838,template
79.5,14,8-15,0.07052394,0.0838,template
79.6,17,16-31,0.15123356,0.0996,template
79.7,20,16-31,0.11914024,0.0996,template
79.8,19,16-31,0.06183557,0.0996,template
79.9,21,16-31,0.11670571,0.0996,template
80.0,22,16-31,0.0979705,0.0996,template
80.1,21,16-31,0.13385681,0.0996,template
80.2,22,16-31,0.0765387,0.0996,template
80.3,21,16-31,0.06199652,0.0996,template
80.4,21,16-31,0.06193829,0.0996,template
80.5,21,16-31,0.11663716,0.0996,template
80.6,23,16-31,0.16736837,0.0996,template
80.7,21,16-31,0.12218248,0.0996,template
80.8,20,16-31,0.06190405,0.0996,template
80.9,17,16-31,0.12328293,0.0996,template
81.0,18,16-31,0.12786633,0.0996,template
81.1,17,16-31,0.12600248,0.0996,template
81.2,18,16-31,0.10493037,0.0996,template
81.3,19,16-31,0.09303064,0.0996,template
81.4,19,16-31,0.06824686,0.0996,template
81.5,19,16-31,0.07002049,0.0996,template
81.6,18,16-31,0.06175685,0.0996,template
81.7,17,16-31,0.06170661,0.0996,template
81.8,16,16-31,0.07165931,0.0996,template
81.9,16,16-31,0.09614904,0.0996,template
82.0,20,16-31,0.15040282,0.0996,template
82.1,23,16-31,0.1904386,0.0996,template
82.2,26,16-31,0.18768934,0.0996,template
82.3,27,16-31,0.1190052,0.0996,template
82.4,28,16-31,0.14111829,0.0996,template
82.5,28,16-31,0.09648632,0.0996,template
82.6,28,16-31,0.07842831,0.0996,template
82.7,28,16-31,0.0625853,0.0996,template
82.8,28,16-31,0.0703762,0.0996,template
82.9,26,16-31,0.06654081,0.0996,template
83.0,24,16-31,0.0620807,0.0996,template
83.1,22,16-31,0.06205575,0.0996,template
83.2,20,16-31,0.06199877,0.0996,template
83.3,20,16-31,0.09925914,0.0996,template
83.4,19,16-31,0.09572284,0.0996,template
83.5,19,16-31,0.13309774,0.0996,template
83.6,14,8-15,0.07121387,0.0838,template
83.7,16,16-31,0.15276157,0.0996,template
83.8,17,16-31,0.09745789,0.0996,template
83.9,20,16-31,0.13197804,0.0996,template
84.0,21,16-31,0.08927064,0.0996,template
84.1,19,16-31,0.0809147,0.0996,template
84.2,18,16-31,0.07646059,0.0996,template
84.3,19,16-31,0.06178661,0.0996,template
84.4,17,16-31,0.07392462,0.0996,template
84.5,19,16-31,0.11840902,0.0996,template
84.6,20,16-31,0.09631481,0.0996,template
84.7,21,16-31,0.06183302,0.0996,template
84.8,19,16-31,0.07416587,0.0996,template
84.9,18,16-31,0.06388742,0.0996,template
85.0,17,16-31,0.06166917,0.0996,template
85.1,17,16-31,0.06160708,0.0996,template
85.2,16,16-31,0.0796043,0.0996,template
85.3,15,8-15,0.10872486,0.0838,template
85.4,16,16-31,0.1239102,0.0996,template
85.5,17,16-31,0.08057362,0.0996,template
85.6,16,16-31,0.09027509,0.0996,template
85.7,17,16-31,0.12996892,0.0996,template
85.8,15,8-15,0.10093773,0.0838,template
85.9,15,8-15,0.07066634,0.0838,template
86.0,14,8-15,0.06152326,0.0838,template
86.1,13,8-15,0.07051307,0.0838,template
86.2,11,8-15,0.07803826,0.0838,template
86.3,18,16-31,0.15735259,0.0996,template
86.4,20,16-31,0.0975977,0.0996,template
86.5,20,16-31,0.09945689,0.0996,template
86.6,22,16-31,0.13016076,0.0996,template
86.7,21,16-31,0.11049658,0.0996,template
86.8,22,16-31,0.06608975,0.0996,template
86.9,23,16-31,0.12574411,0.0996,template
87.0,24,16-31,0.1450329,0.0996,template
87.1,24,16-31,0.06194054,0.0996,template
87.2,22,16-31,0.07666066,0.0996,template
87.3,23,16-31,0.13079882,0.0996,template
87.4,24,16-31,0.1071053,0.0996,template
87.5,24,16-31,0.10720646,0.0996,template
87.6,23,16-31,0.1085155,0.0996,template
87.7,23,16-31,0.07448427,0.0996,template
87.8,21,16-31,0.06195429,0.0996,template
87.9,19,16-31,0.10565759,0.0996,template
88.0,19,16-31,0.1156145,0.0996,template
88.1,20,16-31,0.09411286,0.0996,template
88.2,19,16-31,0.06181029,0.0996,template
88.3,18,16-31,0.10436798,0.0996,template
88.4,19,16-31,0.06175875,0.0996,template
88.5,18,16-31,0.0616423,0.0996,template
88.6,18,16-31,0.07332874,0.0996,template
88.7,17,16-31,0.0643409,0.0996,template
88.8,13,8-15,0.05877252,0.0838,template
88.9,15,8-15,0.1536114,0.0838,template
89.0,15,8-15,0.11938127,0.0838,template
89.1,12,8-15,0.05867395,0.0838,template
89.2,12,8-15,0.07268045,0.0838,template
89.3,12,8-15,0.06162371,0.0838,template
89.4,12,8-15,0.07002381,0.0838,template
89.5,14,8-15,0.116745,0.0838,template
89.6,13,8-15,0.07311499,0.0838,template
89.7,14,8-15,0.10201629,0.0838,template
89.8,19,16-31,0.15934917,0.0996,template
89.9,20,16-31,0.0996073,0.0996,template
90.0,20,16-31,0.1117687,0.0996,template
90.1,25,16-31,0.19008787,0.0996,template
90.2,25,16-31,0.06446823,0.0996,template
90.3,24,16-31,0.06204293,0.0996,template
90.4,23,16-31,0.06470537,0.0996,template
90.5,22,16-31,0.06885245,0.0996,template
90.6,19,16-31,0.06745973,0.0996,template
90.7,18,16-31,0.06108804,0.0996,template
90.8,14,8-15,0.0707377,0.0838,template
90.9,13,8-15,0.05873987,0.0838,template
91.0,11,8-15,0.07042347,0.0838,template
91.1,10,8-15,0.07033994,0.0838,template
91.2,12,8-15,0.1010374,0.0838,template
91.3,11,8-15,0.05858883,0.0838,template
91.4,12,8-15,0.12248286,0.0838,template
91.5,19,16-31,0.181084,0.0996,template
91.6,20,16-31,0.10289949,0.0996,template
91.7,23,16-31,0.09038164,0.0996,template
91.8,22,16-31,0.06197284,0.0996,template
91.9,22,16-31,0.12997169,0.0996,template
92.0,23,16-31,0.12308427,0.0996,template
92.1,25,16-31,0.13488494,0.0996,template
92.2,26,16-31,0.06729802,0.0996,template
92.3,27,16-31,0.1050787,0.0996,template
92.4,28,16-31,0.10706903,0.0996,template
92.5,24,16-31,0.06209286,0.0996,template
92.6,22,16-31,0.07436109,0.0996,template
92.7,18,16-31,0.06181126,0.0996,template
92.8,18,16-31,0.06166215,0.0996,template
92.9,13,8-15,0.07520141,0.0838,template
93.0,19,16-31,0.13949684,0.0996,template
93.1,21,16-31,0.13650228,0.0996,template
93.2,21,16-31,0.06761571,0.0996,template
93.3,19,16-31,0.06168646,0.0996,template
93.4,18,16-31,0.06170084,0.0996,template
93.5,18,16-31,0.06168998,0.0996,template
93.6,16,16-31,0.07224042,0.0996,template
93.7,16,16-31,0.0588746,0.0996,template
93.8,13,8-15,0.07039627,0.0838,template
93.9,13,8-15,0.05876163,0.0838,template
94.0,13,8-15,0.07053866,0.0838,template
94.1,10,8-15,0.07032363,0.0838,template
94.2,8,8-15,0.05837731,0.0838,template
94.3,9,8-15,0.10324257,0.0838,template
94.4,10,8-15,0.10421731,0.0838,template
94.5,12,8-15,0.14318099,0.0838,template
94.6,11,8-15,0.07838351,0.0838,template
94.7,16,16-31,0.1431778,0.0996,template
94.8,23,16-31,0.14864892,0.0996,template
94.9,27,16-31,0.15110687,0.0996,template
95.0,28,16-31,0.10849829,0.0996,template
95.1,27,16-31,0.06234983,0.0996,template
95.2,27,16-31,0.06488198,0.0996,template
95.3,25,16-31,0.06227461,0.0996,template
95.4,23,16-31,0.06200581,0.0996,template
95.5,23,16-31,0.06205733,0.0996,template
95.6,23,16-31,0.06193062,0.0996,template
95.7,23,16-31,0.07326384,0.0996,template
95.8,20,16-31,0.06304673,0.0996,template
95.9,20,16-31,0.06398662,0.0996,template
96.0,17,16-31,0.0617338,0.0996,template
96.1,16,16-31,0.07114186,0.0996,template
96.2,15,8-15,0.05895747,0.0838,template
96.3,14,8-15,0.07055529,0.0838,template
96.4,13,8-15,0.06101123,0.0838,template
96.5,12,8-15,0.07045514,0.0838,template
96.6,10,8-15,0.08875893,0.0838,template
96.7,12,8-15,0.07114345,0.0838,template
96.8,13,8-15,0.10340255,0.0838,template
96.9,13,8-15,0.12580333,0.0838,template
97.0,15,8-15,0.07742924,0.0838,template
97.1,17,16-31,0.10382843,0.0996,template
97.2,19,16-31,0.1255854,0.0996,template
97.3,21,16-31,0.0619114,0.0996,template
97.4,20,16-31,0.06183909,0.0996,template
97.5,19,16-31,0.07023805,0.0996,template
97.6,18,16-31,0.06562001,0.0996,template
97.7,16,16-31,0.06002532,0.0996,template
97.8,15,8-15,0.07059849,0.0838,template
97.9,15,8-15,0.0706817,0.0838,template
98.0,16,16-31,0.1210881,0.0996,template
98.1,16,16-31,0.08905908,0.0996,template
98.2,16,16-31,0.08899078,0.0996,template
98.3,17,16-31,0.08573918,0.0996,template
98.4,20,16-31,0.11475795,0.0996,template
98.5,19,16-31,0.06972093,0.0996,template
98.6,17,16-31,0.06169413,0.0996,template
98.7,16,16-31,0.06942486,0.0996,template
98.8,15,8-15,0.06120309,0.0838,template
98.9,14,8-15,0.07314187,0.0838,template
99.0,14,8-15,0.0588205,0.0838,template
99.1,14,8-15,0.07061418,0.0838,template
99.2,13,8-15,0.07268884,0.0838,template
99.3,12,8-15,0.05922619,0.0838,template
99.4,11,8-15,0.07026282,0.0838,template
99.5,12,8-15,0.08161297,0.0838,template
99.6,12,8-15,0.08271631,0.0838,template
99.7,12,8-15,0.12971952,0.0838,template
99.8,14,8-15,0.09988506,0.0838,template
99.9,15,8-15,0.07689806,0.0838,template
100.0,15,8-15,0.08850997,0.0838,template
100.1,14,8-15,0.08162609,0.0838,template
100.2,17,16-31,0.15757699,0.0996,template
100.3,16,16-31,0.07161546,0.0996,template
100.4,17,16-31,0.09154836,0.0996,template
100.5,17,16-31,0.06356838,0.0996,template
100.6,16,16-31,0.10220318,0.0996,template
100.7,17,16-31,0.09299673,0.0996,template
100.8,17,16-31,0.10623618,0.0996,template
100.9,18,16-31,0.09607769,0.0996,template
101.0,18,16-31,0.06379845,0.0996,template
101.1,18,16-31,0.10109116,0.0996,template
101.2,16,16-31,0.06411776,0.0996,template
101.3,15,8-15,0.06922063,0.0838,template
101.4,15,8-15,0.07059146,0.0838,template
101.5,13,8-15,0.0943884,0.0838,template
101.6,14,8-15,0.1146301,0.0838,template
101.7,15,8-15,0.09731155,0.0838,template
101.8,15,8-15,0.06592496,0.0838,template
101.9,11,8-15,0.07042026,0.0838,template
102.0,10,8-15,0.05855588,0.0838,template
102.1,10,8-15,0.07066057,0.0838,template
102.2,9,8-15,0.08208529,0.0838,template
102.3,9,8-15,0.09852027,0.0838,template
102.4,10,8-15,0.11303379,0.0838,template
102.5,14,8-15,0.15373802,0.0838,template
102.6,17,16-31,0.09915073,0.0996,template
102.7,17,16-31,0.06166723,0.0996,template
102.8,15,8-15,0.09979162,0.0838,template
102.9,18,16-31,0.12315275,0.0996,template
103.0,18,16-31,0.07527019,0.0996,template
103.1,17,16-31,0.08928862,0.0996,template
103.2,21,16-31,0.10171061,0.0996,template
103.3,21,16-31,0.06192997,0.0996,template
103.4,20,16-31,0.0983926,0.0996,template
103.5,20,16-31,0.07417165,0.0996,template
103.6,20,16-31,0.06182019,0.0996,template
103.7,19,16-31,0.06179941,0.0996,template
103.8,16,16-31,0.07167883,0.0996,template
103.9,14,8-15,0.05878853,0.0838,template
104.0,12,8-15,0.07053676,0.0838,template
104.1,11,8-15,0.0701937,0.0838,template
104.2,7,4-7,0.05821986,0.0735,template
104.3,7,4-7,0.0700449,0.0735,template
104.4,7,4-7,0.08758771,0.0735,template
104.5,8,8-15,0.07667182,0.0838,template
104.6,10,8-15,0.11224643,0.0838,template
104.7,11,8-15,0.09421908,0.0838,template
104.8,14,8-15,0.14444665,0.0838,template
104.9,15,8-15,0.11876041,0.0838,template
105.0,20,16-31,0.12539947,0.0996,template
105.1,20,16-31,0.10198754,0.0996,template
105.2,19,16-31,0.10079094,0.0996,template
105.3,22,16-31,0.09432858,0.0996,template
105.4,23,16-31,0.09719514,0.0996,template
105.5,24,16-31,0.098567,0.0996,template
105.6,22,16-31,0.06192518,0.0996,template
105.7,20,16-31,0.07156318,0.0996,template
105.8,20,16-31,0.06452371,0.0996,template
105.9,17,16-31,0.06168101,0.0996,template
106.0,17,16-31,0.07230602,0.0996,template
106.1,13,8-15,0.05876289,0.0838,template
106.2,10,8-15,0.07024329,0.0838,template
106.3,9,8-15,0.07021034,0.0838,template
106.4,8,8-15,0.06986855,0.0838,template
106.5,7,4-7,0.06429984,0.0735,template
106.6,5,4-7,0.06345165,0.0735,template
106.7,5,4-7,0.06947882,0.0735,template
106.8,6,4-7,0.09585053,0.0735,template
106.9,10,8-15,0.0872146,0.0838,template
107.0,10,8-15,0.05843395,0.0838,template
107.1,10,8-15,0.08964246,0.0838,template
107.2,13,8-15,0.11115678,0.0838,template
107.3,18,16-31,0.14685012,0.0996,template
107.4,19,16-31,0.10646306,0.0996,template
107.5,18,16-31,0.06169062,0.0996,template
107.6,19,16-31,0.09445752,0.0996,template
107.7,19,16-31,0.12527597,0.0996,template
107.8,22,16-31,0.1329377,0.0996,template
107.9,20,16-31,0.07011218,0.0996,template
108.0,19,16-31,0.06169764,0.0996,template
108.1,17,16-31,0.06369254,0.0996,template
108.2,16,16-31,0.0706497,0.0996,template
108.3,14,8-15,0.07063561,0.0838,template
108.4,14,8-15,0.05876869,0.0838,template
108.5,14,8-15,0.07067658,0.0838,template
108.6,12,8-15,0.07035208,0.0838,template
108.7,11,8-15,0.05850115,0.0838,template
108.8,10,8-15,0.07011337,0.0838,template
108.9,10,8-15,0.07027179,0.0838,template
109.0,9,8-15,0.06683071,0.0838,template
109.1,8,8-15,0.06132172,0.0838,template
109.2,6,4-7,0.06983753,0.0735,template
109.3,5,4-7,0.06970378,0.0735,template
109.4,7,4-7,0.08881645,0.0735,template
109.5,12,8-15,0.10868669,0.0838,template
109.6,13,8-15,0.07983246,0.0838,template
109.7,13,8-15,0.07044651,0.0838,template
109.8,13,8-15,0.07059626,0.0838,template
109.9,13,8-15,0.07456942,0.0838,template
110.0,13,8-15,0.10303774,0.0838,template
110.1,18,16-31,0.12026726,0.0996,template
110.2,18,16-31,0.0903503,0.0996,template
110.3,15,8-15,0.10278939,0.0838,template
110.4,18,16-31,0.09407609,0.0996,template
110.5,19,16-31,0.11785287,0.0996,template
110.6,20,16-31,0.09657467,0.0996,template
110.7,19,16-31,0.06186308,0.0996,template
110.8,18,16-31,0.06170821,0.0996,template
110.9,18,16-31,0.07293517,0.0996,template
111.0,15,8-15,0.07061834,0.0838,template
111.1,15,8-15,0.05879429,0.0838,template
111.2,13,8-15,0.07042858,0.0838,template
111.3,12,8-15,0.07044939,0.0838,template
111.4,11,8-15,0.05858244,0.0838,template
111.5,9,8-15,0.07008521,0.0838,template
111.6,8,8-15,0.06992522,0.0838,template
111.7,8,8-15,0.09039474,0.0838,template
111.8,8,8-15,0.09042582,0.0838,template
111.9,13,8-15,0.13720498,0.0838,template
112.0,15,8-15,0.13168881,0.0838,template
112.1,15,8-15,0.11557861,0.0838,template
112.2,19,16-31,0.12715116,0.0996,template
112.3,21,16-31,0.13255504,0.0996,template
112.4,21,16-31,0.07430156,0.0996,template
112.5,20,16-31,0.06178085,0.0996,template
112.6,20,16-31,0.06194596,0.0996,template
112.7,19,16-31,0.06189092,0.0996,template
112.8,17,16-31,0.0734142,0.0996,template
112.9,18,16-31,0.12402282,0.0996,template
113.0,17,16-31,0.09105047,0.0996,template
113.1,16,16-31,0.10195165,0.0996,template
113.2,16,16-31,0.08930386,0.0996,template
113.3,14,8-15,0.07066603,0.0838,template
113.4,12,8-15,0.05855874,0.0838,template
113.5,12,8-15,0.07026826,0.0838,template
113.6,12,8-15,0.07031529,0.0838,template
113.7,13,8-15,0.08293361,0.0838,template
113.8,10,8-15,0.07582892,0.0838,template
113.9,9,8-15,0.07947153,0.0838,template
114.0,9,8-15,0.07005963,0.0838,template
114.1,12,8-15,0.09692183,0.0838,template
114.2,13,8-15,0.08467185,0.0838,template
114.3,15,8-15,0.14348954,0.0838,template
114.4,16,16-31,0.1001225,0.0996,template
114.5,15,8-15,0.05888194,0.0838,template
114.6,15,8-15,0.07066698,0.0838,template
114.7,15,8-15,0.07054634,0.0838,template
114.8,17,16-31,0.11649063,0.0996,template
114.9,17,16-31,0.09020183,0.0996,template
115.0,16,16-31,0.07062116,0.0996,template
115.1,15,8-15,0.07063498,0.0838,template
115.2,15,8-15,0.05891971,0.0838,template
115.3,12,8-15,0.0704145,0.0838,template
115.4,10,8-15,0.07200011,0.0838,template
115.5,13,8-15,0.08231538,0.0838,template
115.6,11,8-15,0.09488183,0.0838,template
115.7,9,8-15,0.05837411,0.0838,template
115.8,10,8-15,0.10753195,0.0838,template
115.9,11,8-15,0.08392333,0.0838,template
116.0,11,8-15,0.05861092,0.0838,template
116.1,12,8-15,0.09426679,0.0838,template
116.2,11,8-15,0.07017578,0.0838,template
116.3,11,8-15,0.05862115,0.0838,template
116.4,11,8-15,0.07031273,0.0838,template
116.5,11,8-15,0.07421296,0.0838,template
116.6,15,8-15,0.12044553,0.0838,template
116.7,14,8-15,0.07054538,0.0838,template
116.8,13,8-15,0.05879363,0.0838,template
116.9,13,8-15,0.07050698,0.0838,template
117.0,11,8-15,0.0703281,0.0838,template
117.1,11,8-15,0.05858531,0.0838,template
117.2,11,8-15,0.07030602,0.0838,template
117.3,11,8-15,0.08379762,0.0838,template
117.4,11,8-15,0.09314837,0.0838,template
117.5,11,8-15,0.07032779,0.0838,template
117.6,11,8-15,0.05859394,0.0838,template
117.7,11,8-15,0.07025802,0.0838,template
117.8,12,8-15,0.11024771,0.0838,template
117.9,14,8-15,0.11283685,0.0838,template
118.0,13,8-15,0.07045769,0.0838,template
118.1,14,8-15,0.08795687,0.0838,template
118.2,18,16-31,0.11097585,0.0996,template
118.3,18,16-31,0.06173892,0.0996,template
118.4,15,8-15,0.07060171,0.0838,template
118.5,13,8-15,0.05881826,0.0838,template
118.6,13,8-15,0.10436511,0.0838,template
118.7,13,8-15,0.09313687,0.0838,template
118.8,14,8-15,0.10529856,0.0838,template
118.9,14,8-15,0.09486841,0.0838,template
119.0,13,8-15,0.07040105,0.0838,template
119.1,15,8-15,0.11853282,0.0838,template
119.2,16,16-31,0.10893635,0.0996,template
119.3,17,16-31,0.10125884,0.0996,template
119.4,16,16-31,0.07043882,0.0996,template
119.5,16,16-31,0.05887491,0.0996,template
119.6,12,8-15,0.07047113,0.0838,template
119.7,13,8-15,0.13795636,0.0838,template
119.8,15,8-15,0.07164746,0.0838,template
119.9,14,8-15,0.07058507,0.0838,template
120.0,13,8-15,0.06075264,0.0838,template
120.1,13,8-15,0.06846414,0.0838,template
120.2,11,8-15,0.07028969,0.0838,template
120.3,11,8-15,0.07019595,0.0838,template
120.4,9,8-15,0.05857732,0.0838,template
120.5,10,8-15,0.13121166,0.0838,template
120.6,11,8-15,0.08392366,0.0838,template
120.7,10,8-15,0.07018891,0.0838,template
120.8,9,8-15,0.07001131,0.0838,template
120.9,9,8-15,0.06629598,0.0838,template
121.0,8,8-15,0.06198061,0.0838,template
121.1,8,8-15,0.06979722,0.0838,template
121.2,8,8-15,0.06982535,0.0838,template
121.3,8,8-15,0.06973546,0.0838,template
121.4,8,8-15,0.0697377,0.0838,template
121.5,8,8-15,0.07669517,0.0838,template
121.6,9,8-15,0.07361646,0.0838,template
121.7,9,8-15,0.06489801,0.0838,template
121.8,9,8-15,0.06361316,0.0838,template
121.9,14,8-15,0.1480857,0.0838,template
122.0,15,8-15,0.12613517,0.0838,template
122.1,16,16-31,0.10918808,0.0996,template
122.2,16,16-31,0.08164058,0.0996,template
122.3,15,8-15,0.0589066,0.0838,template
122.4,15,8-15,0.0706705,0.0838,template
122.5,17,16-31,0.12063014,0.0996,template
122.6,15,8-15,0.05885443,0.0838,template
122.7,14,8-15,0.09759545,0.0838,template
122.8,14,8-15,0.08689234,0.0838,template
122.9,14,8-15,0.0705569,0.0838,template
123.0,13,8-15,0.07043659,0.0838,template
123.1,10,8-15,0.05846947,0.0838,template
123.2,10,8-15,0.07025386,0.0838,template
123.3,10,8-15,0.07017354,0.0838,template
123.4,10,8-15,0.0701249,0.0838,template
123.5,10,8-15,0.0656281,0.0838,template
123.6,11,8-15,0.09074787,0.0838,template
123.7,12,8-15,0.11480387,0.0838,template
123.8,11,8-15,0.07025835,0.0838,template
123.9,11,8-15,0.06464688,0.0838,template
124.0,13,8-15,0.11757082,0.0838,template
124.1,11,8-15,0.07039497,0.0838,template
124.2,11,8-15,0.05846051,0.0838,template
124.3,11,8-15,0.07032331,0.0838,template
124.4,12,8-15,0.1057741,0.0838,template
124.5,12,8-15,0.1230449,0.0838,template
124.6,15,8-15,0.14687325,0.0838,template
124.7,18,16-31,0.10333942,0.0996,template
124.8,17,16-31,0.06167075,0.0996,template
124.9,17,16-31,0.06041382,0.0996,template
125.0,15,8-15,0.07075402,0.0838,template
125.1,15,8-15,0.07060425,0.0838,template
125.2,15,8-15,0.05886147,0.0838,template
125.3,13,8-15,0.07052969,0.0838,template
125.4,13,8-15,0.07044777,0.0838,template
125.5,13,8-15,0.07032872,0.0838,template
125.6,11,8-15,0.05847491,0.0838,template
125.7,10,8-15,0.07022763,0.0838,template
125.8,7,4-7,0.0699329,0.0735,template
125.9,7,4-7,0.06986635,0.0735,template
126.0,7,4-7,0.06905446,0.0735,template
126.1,6,4-7,0.05876646,0.0735,template
126.2,6,4-7,0.09628634,0.0735,template
126.3,7,4-7,0.09550939,0.0735,template
126.4,12,8-15,0.16312516,0.0838,template
126.5,15,8-15,0.05874884,0.0838,template
126.6,15,8-15,0.0707233,0.0838,template
126.7,14,8-15,0.08685577,0.0838,template
126.8,17,16-31,0.12572888,0.0996,template
126.9,19,16-31,0.13690977,0.0996,template
127.0,20,16-31,0.06972509,0.0996,template
127.1,18,16-31,0.06180356,0.0996,template
127.2,13,8-15,0.07116842,0.0838,template
127.3,12,8-15,0.05861859,0.0838,template
127.4,12,8-15,0.07024298,0.0838,template
127.5,12,8-15,0.07044298,0.0838,template
127.6,12,8-15,0.07037289,0.0838,template
127.7,9,8-15,0.05832354,0.0838,template
127.8,9,8-15,0.07007784,0.0838,template
127.9,9,8-15,0.0701505,0.0838,template
128.0,9,8-15,0.0700225,0.0838,template
128.1,5,4-7,0.06637447,0.0735,template
128.2,6,4-7,0.08223119,0.0735,template
128.3,7,4-7,0.08860213,0.0735,template
128.4,8,8-15,0.08905875,0.0838,template
128.5,8,8-15,0.05809059,0.0838,template
128.6,9,8-15,0.09720155,0.0838,template
128.7,11,8-15,0.11946091,0.0838,template
128.8,11,8-15,0.07033323,0.0838,template
128.9,10,8-15,0.08100687,0.0838,template
129.0,14,8-15,0.14055477,0.0838,template
129.1,16,16-31,0.09006838,0.0996,template
129.2,17,16-31,0.10088526,0.0996,template
129.3,17,16-31,0.06524854,0.0996,template
129.4,16,16-31,0.05990276,0.0996,template
129.5,14,8-15,0.07056746,0.0838,template
129.6,12,8-15,0.07051145,0.0838,template
129.7,11,8-15,0.07026122,0.0838,template
129.8,12,8-15,0.08630347,0.0838,template
129.9,12,8-15,0.09488951,0.0838,template
130.0,12,8-15,0.07031402,0.0838,template
130.1,12,8-15,0.05854114,0.0838,template
130.2,10,8-15,0.07014793,0.0838,template
130.3,9,8-15,0.07008939,0.0838,template
130.4,8,8-15,0.06989642,0.0838,template
130.5,7,4-7,0.07373512,0.0735,template
130.6,9,8-15,0.10368705,0.0838,template
130.7,8,8-15,0.07546317,0.0838,template
130.8,9,8-15,0.09671096,0.0838,template
130.9,12,8-15,0.10078461,0.0838,template
131.0,12,8-15,0.08146002,0.0838,template
131.1,12,8-15,0.07035082,0.0838,template
131.2,12,8-15,0.06918366,0.0838,template
131.3,10,8-15,0.05975219,0.0838,template
131.4,10,8-15,0.07890096,0.0838,template
131.5,12,8-15,0.1373922,0.0838,template
131.6,13,8-15,0.08769526,0.0838,template
131.7,13,8-15,0.08240336,0.0838,template
131.8,13,8-15,0.11293119,0.0838,template
131.9,14,8-15,0.0840152,0.0838,template
132.0,14,8-15,0.0998182,0.0838,template
132.1,14,8-15,0.05877283,0.0838,template
132.2,13,8-15,0.07042152,0.0838,template
132.3,11,8-15,0.07349677,0.0838,template
132.4,10,8-15,0.09549017,0.0838,template
132.5,16,16-31,0.13249875,0.0996,template
132.6,19,16-31,0.09839165,0.0996,template
132.7,19,16-31,0.0617594,0.0996,template
132.8,19,16-31,0.06176422,0.0996,template
132.9,17,16-31,0.07291757,0.0996,template
133.0,15,8-15,0.0588893,0.0838,template
133.1,14,8-15,0.07061577,0.0838,template
133.2,14,8-15,0.0705313,0.0838,template
133.3,14,8-15,0.05911574,0.0838,template
133.4,14,8-15,0.0701471,0.0838,template
133.5,13,8-15,0.07057227,0.0838,template
133.6,10,8-15,0.06745601,0.0838,template
133.7,10,8-15,0.07801238,0.0838,template
133.8,11,8-15,0.11107007,0.0838,template
133.9,12,8-15,0.08178481,0.0838,template
134.0,11,8-15,0.05852515,0.0838,template
134.1,10,8-15,0.07022601,0.0838,template
134.2,10,8-15,0.07013641,0.0838,template
134.3,11,8-15,0.08154213,0.0838,template
134.4,10,8-15,0.09416183,0.0838,template
134.5,10,8-15,0.11187584,0.0838,template
134.6,9,8-15,0.07007529,0.0838,template
134.7,9,8-15,0.06159724,0.0838,template
134.8,9,8-15,0.09072781,0.0838,template
134.9,10,8-15,0.09431735,0.0838,template
135.0,14,8-15,0.17762183,0.0838,template
135.1,16,16-31,0.08955223,0.0996,template
135.2,16,16-31,0.07042442,0.0996,template
135.3,16,16-31,0.07361131,0.0996,template
135.4,17,16-31,0.09044726,0.0996,template
135.5,17,16-31,0.06158757,0.0996,template
135.6,16,16-31,0.07113578,0.0996,template
135.7,15,8-15,0.05922617,0.0838,template
135.8,15,8-15,0.09702181,0.0838,template
135.9,11,8-15,0.07047404,0.0838,template
136.0,11,8-15,0.05853794,0.0838,template
136.1,12,8-15,0.1104189,0.0838,template
136.2,10,8-15,0.07020554,0.0838,template
136.3,9,8-15,0.07010569,0.0838,template
136.4,9,8-15,0.05833859,0.0838,template
136.5,8,8-15,0.07000776,0.0838,template
136.6,10,8-15,0.1219583,0.0838,template
136.7,10,8-15,0.06625562,0.0838,template
136.8,12,8-15,0.1231492,0.0838,template
136.9,13,8-15,0.08787507,0.0838,template
137.0,13,8-15,0.07036938,0.0838,template
137.1,12,8-15,0.08752726,0.0838,template
137.2,13,8-15,0.0981785,0.0838,template
137.3,15,8-15,0.10346333,0.0838,template
137.4,18,16-31,0.13982775,0.0996,template
137.5,17,16-31,0.0617223,0.0996,template
137.6,15,8-15,0.0723678,0.0838,template
137.7,13,8-15,0.07036714,0.0838,template
137.8,12,8-15,0.06944685,0.0838,template
137.9,10,8-15,0.05943649,0.0838,template
138.0,10,8-15,0.07024106,0.0838,template
138.1,10,8-15,0.07009002,0.0838,template
138.2,10,8-15,0.08704856,0.0838,template
138.3,11,8-15,0.08941334,0.0838,template
138.4,10,8-15,0.07741678,0.0838,template
138.5,11,8-15,0.08043504,0.0838,template
138.6,11,8-15,0.07027114,0.0838,template
138.7,10,8-15,0.07024011,0.0838,template
138.8,10,8-15,0.07008841,0.0838,template
138.9,10,8-15,0.07891981,0.0838,template
139.0,12,8-15,0.13719944,0.0838,template
139.1,15,8-15,0.13736475,0.0838,template
139.2,15,8-15,0.11843528,0.0838,template
139.3,16,16-31,0.10403583,0.0996,template
139.4,19,16-31,0.12496236,0.0996,template
139.5,17,16-31,0.06048578,0.0996,template
139.6,16,16-31,0.07049033,0.0996,template
139.7,15,8-15,0.05885475,0.0838,template
139.8,15,8-15,0.07065802,0.0838,template
139.9,15,8-15,0.07051273,0.0838,template
140.0,12,8-15,0.05870753,0.0838,template
140.1,12,8-15,0.07037931,0.0838,template
140.2,9,8-15,0.07013994,0.0838,template
140.3,8,8-15,0.06985033,0.0838,template
140.4,6,4-7,0.05817826,0.0735,template
140.5,6,4-7,0.06970026,0.0735,template
140.6,7,4-7,0.08959891,0.0735,template
140.7,8,8-15,0.07366796,0.0838,template
140.8,9,8-15,0.08480944,0.0838,template
140.9,10,8-15,0.10442813,0.0838,template
141.0,10,8-15,0.07025706,0.0838,template
141.1,10,8-15,0.0702001,0.0838,template
141.2,8,8-15,0.0682958,0.0838,template
141.3,11,8-15,0.09559446,0.0838,template
141.4,13,8-15,0.09936924,0.0838,template
141.5,13,8-15,0.08689748,0.0838,template
141.6,14,8-15,0.09983514,0.0838,template
141.7,14,8-15,0.06810891,0.0838,template
141.8,12,8-15,0.07536238,0.0838,template
141.9,14,8-15,0.10759648,0.0838,template
142.0,14,8-15,0.08340594,0.0838,template
142.1,14,8-15,0.09965245,0.0838,template
142.2,13,8-15,0.05866595,0.0838,template
142.3,11,8-15,0.07041257,0.0838,template
142.4,10,8-15,0.07014026,0.0838,template
142.5,8,8-15,0.06979498,0.0838,template
142.6,6,4-7,0.06645973,0.0735,template
142.7,6,4-7,0.06138616,0.0735,template
142.8,6,4-7,0.06988554,0.0735,template
142.9,6,4-7,0.06970219,0.0735,template
143.0,5,4-7,0.07575277,0.0735,template
143.1,7,4-7,0.07067626,0.0735,template
143.2,8,8-15,0.09052887,0.0838,template
143.3,10,8-15,0.0933705,0.0838,template
143.4,10,8-15,0.05850243,0.0838,template
143.5,11,8-15,0.10991588,0.0838,template
143.6,12,8-15,0.08180401,0.0838,template
143.7,12,8-15,0.07042027,0.0838,template
143.8,11,8-15,0.07031144,0.0838,template
143.9,11,8-15,0.06898783,0.0838,template
144.0,11,8-15,0.05967662,0.0838,template
144.1,10,8-15,0.07037161,0.0838,template
144.2,9,8-15,0.09334389,0.0838,template
144.3,12,8-15,0.05873443,0.0838,template
144.4,13,8-15,0.11891237,0.0838,template
144.5,11,8-15,0.05857986,0.0838,template
144.6,10,8-15,0.07028106,0.0838,template
144.7,9,8-15,0.07009898,0.0838,template
144.8,7,4-7,0.06986729,0.0735,template
144.9,7,4-7,0.05815426,0.0735,template
145.0,6,4-7,0.06972618,0.0735,template
145.1,5,4-7,0.06974442,0.0735,template
145.2,5,4-7,0.06947977,0.0735,template
145.3,4,4-7,0.06931114,0.0735,template
145.4,3,2-3,0.07543501,0.0681,template
145.5,4,4-7,0.08953973,0.0735,template
145.6,6,4-7,0.08533482,0.0735,template
145.7,7,4-7,0.0784921,0.0735,template
145.8,7,4-7,0.05867221,0.0735,template
145.9,7,4-7,0.0693529,0.0735,template
146.0,7,4-7,0.0700337,0.0735,template
146.1,9,8-15,0.10547682,0.0838,template
146.2,11,8-15,0.09651449,0.0838,template
146.3,13,8-15,0.09199213,0.0838,template
146.4,13,8-15,0.06223118,0.0838,template
146.5,13,8-15,0.07049291,0.0838,template
146.6,12,8-15,0.07040011,0.0838,template
146.7,13,8-15,0.10797761,0.0838,template
146.8,12,8-15,0.06864983,0.0838,template
146.9,12,8-15,0.06012343,0.0838,template
147.0,10,8-15,0.07032619,0.0838,template
147.1,10,8-15,0.07015083,0.0838,template
147.2,10,8-15,0.07018027,0.0838,template
147.3,9,8-15,0.05831683,0.0838,template
147.4,8,8-15,0.06981898,0.0838,template
147.5,6,4-7,0.06991048,0.0735,template
147.6,4,4-7,0.06941544,0.0735,template
147.7,4,4-7,0.06931241,0.0735,template
147.8,4,4-7,0.06933289,0.0735,template
147.9,2,2-3,0.06897706,0.0681,template
148.0,7,4-7,0.09283233,0.0735,template
148.1,9,8-15,0.09083575,0.0838,template
148.2,10,8-15,0.09175096,0.0838,template
148.3,10,8-15,0.05846914,0.0838,template
148.4,11,8-15,0.09540825,0.0838,template
148.5,10,8-15,0.07024619,0.0838,template
148.6,10,8-15,0.05846626,0.0838,template
148.7,10,8-15,0.07026089,0.0838,template
148.8,10,8-15,0.08182484,0.0838,template
148.9,13,8-15,0.08707542,0.0838,template
149.0,14,8-15,0.08911381,0.0838,template
149.1,13,8-15,0.07042538,0.0838,template
149.2,12,8-15,0.07041612,0.0838,template
149.3,10,8-15,0.05847651,0.0838,template
149.4,10,8-15,0.07014761,0.0838,template
149.5,8,8-15,0.07000715,0.0838,template
149.6,7,4-7,0.06990923,0.0735,template
149.7,6,4-7,0.06973801,0.0735,template
149.8,6,4-7,0.05802464,0.0735,template
149.9,5,4-7,0.06957002,0.0735,template
150.0,5,4-7,0.06950057,0.0735,template
150.1,5,4-7,0.06968778,0.0735,template
150.2,5,4-7,0.06953801,0.0735,template
150.3,5,4-7,0.06790348,0.0735,template
150.4,5,4-7,0.05946626,0.0735,template
150.5,5,4-7,0.07844464,0.0735,template
150.6,6,4-7,0.08522547,0.0735,template
150.7,7,4-7,0.07173354,0.0735,template
150.8,8,8-15,0.0699217,0.0838,template
150.9,7,4-7,0.06985384,0.0735,template
151.0,6,4-7,0.0749102,0.0735,template
151.1,8,8-15,0.0876549,0.0838,template
151.2,14,8-15,0.12038439,0.0838,template
151.3,15,8-15,0.08639566,0.0838,template
151.4,15,8-15,0.06995407,0.0838,template
151.5,14,8-15,0.07050089,0.0838,template
151.6,13,8-15,0.07053099,0.0838,template
151.7,12,8-15,0.05856354,0.0838,template
151.8,12,8-15,0.07026698,0.0838,template
151.9,10,8-15,0.07034988,0.0838,template
152.0,9,8-15,0.06434098,0.0838,template
152.1,8,8-15,0.06373978,0.0838,template
152.2,7,4-7,0.06987625,0.0735,template
152.3,7,4-7,0.06985322,0.0735,template
152.4,7,4-7,0.1018758,0.0735,template
152.5,7,4-7,0.07953013,0.0735,template
152.6,8,8-15,0.07643853,0.0838,template
152.7,9,8-15,0.09355574,0.0838,template
152.8,9,8-15,0.07017257,0.0838,template
152.9,9,8-15,0.05834628,0.0838,template
153.0,8,8-15,0.06973897,0.0838,template
153.1,8,8-15,0.06987305,0.0838,template
153.2,8,8-15,0.06988073,0.0838,template
153.3,7,4-7,0.05826338,0.0735,template
153.4,6,4-7,0.08862514,0.0735,template
153.5,8,8-15,0.11148848,0.0838,template
153.6,9,8-15,0.08464421,0.0838,template
153.7,9,8-15,0.07003241,0.0838,template
153.8,8,8-15,0.07277302,0.0838,template
153.9,8,8-15,0.07916777,0.0838,template
154.0,8,8-15,0.06973483,0.0838,template
154.1,8,8-15,0.06974889,0.0838,template
154.2,8,8-15,0.06994986,0.0838,template
154.3,7,4-7,0.05818658,0.0735,template
154.4,7,4-7,0.06986283,0.0735,template
154.5,7,4-7,0.06989224,0.0735,template
154.6,6,4-7,0.06972362,0.0735,template
154.7,6,4-7,0.06971465,0.0735,template
154.8,4,4-7,0.06942764,0.0735,template
154.9,3,2-3,0.06198685,0.0681,template
155.0,3,2-3,0.06503856,0.0681,template
155.1,3,2-3,0.06931914,0.0681,template
155.2,3,2-3,0.06929701,0.0681,template
155.3,3,2-3,0.082796,0.0681,template
155.4,6,4-7,0.07088043,0.0735,template
155.5,7,4-7,0.1036755,0.0735,template
155.6,12,8-15,0.12999244,0.0838,template
155.7,15,8-15,0.10165244,0.0838,template
155.8,14,8-15,0.06463237,0.0838,template
155.9,14,8-15,0.0752568,0.0838,template
156.0,13,8-15,0.05873828,0.0838,template
156.1,13,8-15,0.07044617,0.0838,template
156.2,13,8-15,0.07060139,0.0838,template
156.3,12,8-15,0.05866564,0.0838,template
156.4,11,8-15,0.07023403,0.0838,template
156.5,11,8-15,0.06032238,0.0838,template
156.6,9,8-15,0.0685014,0.0838,template
156.7,8,8-15,0.06976266,0.0838,template
156.8,8,8-15,0.0698196,0.0838,template
156.9,7,4-7,0.0700049,0.0735,template
157.0,7,4-7,0.05818788,0.0735,template
157.1,4,4-7,0.06932556,0.0735,template
157.2,5,4-7,0.10437827,0.0735,template
157.3,8,8-15,0.10284123,0.0838,template
157.4,9,8-15,0.06647823,0.0838,template
157.5,10,8-15,0.09179413,0.0838,template
157.6,11,8-15,0.08249299,0.0838,template
157.7,11,8-15,0.07028938,0.0838,template
157.8,11,8-15,0.07018954,0.0838,template
157.9,11,8-15,0.06407195,0.0838,template
158.0,11,8-15,0.06484339,0.0838,template
158.1,11,8-15,0.11524614,0.0838,template
158.2,8,8-15,0.06366935,0.0838,template
158.3,7,4-7,0.06471479,0.0735,template
158.4,9,8-15,0.0912636,0.0838,template
158.5,9,8-15,0.07003913,0.0838,template
158.6,9,8-15,0.05847811,0.0838,template
158.7,9,8-15,0.07012427,0.0838,template
158.8,9,8-15,0.06993355,0.0838,template
158.9,8,8-15,0.0697329,0.0838,template
159.0,8,8-15,0.0591652,0.0838,template
159.1,7,4-7,0.0690058,0.0735,template
159.2,6,4-7,0.06983626,0.0735,template
159.3,6,4-7,0.06971721,0.0735,template
159.4,5,4-7,0.06945097,0.0735,template
159.5,2,2-3,0.06917674,0.0681,template
159.6,2,2-3,0.0689841,0.0681,template
159.7,2,2-3,0.06892906,0.0681,template
159.8,4,4-7,0.07614893,0.0735,template
159.9,6,4-7,0.08721847,0.0735,template
160.0,6,4-7,0.0696625,0.0735,template
160.1,6,4-7,0.06962825,0.0735,template
160.2,7,4-7,0.07984592,0.0735,template
160.3,10,8-15,0.09018677,0.0838,template
160.4,9,8-15,0.06905085,0.0838,template
160.5,9,8-15,0.05953167,0.0838,template
160.6,9,8-15,0.07010507,0.0838,template
160.7,8,8-15,0.06995018,0.0838,template
160.8,8,8-15,0.06976842,0.0838,template
160.9,7,4-7,0.0698401,0.0735,template
161.0,7,4-7,0.06985322,0.0735,template
161.1,6,4-7,0.06227036,0.0735,template
161.2,6,4-7,0.06559663,0.0735,template
161.3,4,4-7,0.06939629,0.0735,template
161.4,4,4-7,0.06941482,0.0735,template
161.5,4,4-7,0.0692817,0.0735,template
161.6,3,2-3,0.06939434,0.0681,template
161.7,3,2-3,0.06937289,0.0681,template
161.8,3,2-3,0.06931306,0.0681,template
161.9,3,2-3,0.0693169,0.0681,template
162.0,3,2-3,0.06928649,0.0681,template
162.1,3,2-3,0.07175946,0.0681,template
162.2,3,2-3,0.06929546,0.0681,template
162.3,3,2-3,0.05925164,0.0681,template
162.4,3,2-3,0.06792928,0.0681,template
162.5,3,2-3,0.06945034,0.0681,template
162.6,4,4-7,0.07842321,0.0735,template
162.7,6,4-7,0.10501729,0.0735,template
162.8,7,4-7,0.07276875,0.0735,template
162.9,8,8-15,0.11027716,0.0838,template
163.0,10,8-15,0.05975972,0.0838,template
163.1,10,8-15,0.06893544,0.0838,template
163.2,10,8-15,0.07018219,0.0838,template
163.3,10,8-15,0.07019658,0.0838,template
163.4,10,8-15,0.05840323,0.0838,template
163.5,7,4-7,0.06999405,0.0735,template
163.6,6,4-7,0.06974542,0.0735,template
163.7,6,4-7,0.06970633,0.0735,template
163.8,4,4-7,0.06934187,0.0735,template
163.9,4,4-7,0.06625042,0.0735,template
164.0,3,2-3,0.0606646,0.0681,template
164.1,3,2-3,0.06949962,0.0681,template
164.2,3,2-3,0.06935178,0.0681,template
164.3,3,2-3,0.0693041,0.0681,template
164.4,3,2-3,0.06933578,0.0681,template
164.5,3,2-3,0.07022221,0.0681,template
164.6,4,4-7,0.08232884,0.0735,template
164.7,3,2-3,0.06940649,0.0681,template
164.8,3,2-3,0.08161041,0.0681,template
164.9,7,4-7,0.08883606,0.0735,template
165.0,7,4-7,0.07002539,0.0735,template
165.1,7,4-7,0.06984938,0.0735,template
165.2,6,4-7,0.06973832,0.0735,template
165.3,5,4-7,0.06947049,0.0735,template
165.4,5,4-7,0.05788386,0.0735,template
165.5,4,4-7,0.06938632,0.0735,template
165.6,2,2-3,0.06941738,0.0681,template
165.7,1,1,0.06884426,0.0645,template
165.8,1,1,0.05790274,0.0645,template
165.9,4,4-7,0.06599911,0.0735,template
166.0,5,4-7,0.08578457,0.0735,template
166.1,5,4-7,0.05790117,0.0735,template
166.2,5,4-7,0.06969674,0.0735,template
166.3,5,4-7,0.06962346,0.0735,template
166.4,5,4-7,0.06954059,0.0735,template
166.5,5,4-7,0.06948906,0.0735,template
166.6,4,4-7,0.06923594,0.0735,template
166.7,4,4-7,0.05765731,0.0735,template
166.8,4,4-7,0.06919082,0.0735,template
166.9,4,4-7,0.06930249,0.0735,template
167.0,3,2-3,0.06947946,0.0681,template
167.1,3,2-3,0.06930921,0.0681,template
167.2,3,2-3,0.06931017,0.0681,template
167.3,3,2-3,0.06667442,0.0681,template
167.4,3,2-3,0.06032059,0.0681,template
167.5,3,2-3,0.06928521,0.0681,template
167.6,2,2-3,0.06921706,0.0681,template
167.7,2,2-3,0.0690945,0.0681,template
167.8,2,2-3,0.06904618,0.0681,template
167.9,2,2-3,0.069059,0.0681,template
168.0,2,2-3,0.06905577,0.0681,template
168.1,2,2-3,0.05747299,0.0681,template
168.2,1,1,0.06876842,0.0645,template
168.3,1,1,0.06863562,0.0645,template
168.4,1,1,0.06877098,0.0645,template
168.5,1,1,0.0686673,0.0645,template
168.6,1,1,0.06870732,0.0645,template
168.7,1,1,0.06907082,0.0645,template
168.8,1,1,0.06880553,0.0645,template
168.9,1,1,0.05710467,0.0645,template
169.0,1,1,0.01606029,0.0645,template
169.1,4,4-7,0.08078611,0.0735,template
169.2,5,4-7,0.0694753,0.0735,template
169.3,5,4-7,0.05797794,0.0735,template
169.4,5,4-7,0.06955594,0.0735,template
169.5,5,4-7,0.06963116,0.0735,template
169.6,5,4-7,0.06959179,0.0735,template
169.7,5,4-7,0.06074957,0.0735,template
169.8,5,4-7,0.06672482,0.0735,template
169.9,5,4-7,0.06963689,0.0735,template
170.0,5,4-7,0.06965451,0.0735,template
170.1,5,4-7,0.06460791,0.0735,template
170.2,5,4-7,0.06289719,0.0735,template
170.3,4,4-7,0.06935148,0.0735,template
170.4,3,2-3,0.06949769,0.0681,template
170.5,2,2-3,0.06923786,0.0681,template
170.6,2,2-3,0.06902827,0.0681,template
170.7,2,2-3,0.0596383,0.0681,template
170.8,2,2-3,0.06684472,0.0681,template
170.9,2,2-3,0.06902986,0.0681,template
171.0,1,1,0.06871497,0.0645,template
171.1,1,1,0.07113865,0.0645,template
171.2,1,1,0.05950915,0.0645,template
171.3,1,1,0.06869512,0.0645,template
171.4,1,1,0.06163718,0.0645,template
171.5,4,4-7,0.06991722,0.0735,template
171.6,4,4-7,0.06923018,0.0735,template
171.7,4,4-7,0.06960619,0.0735,template
171.8,5,4-7,0.06890089,0.0735,template
171.9,5,4-7,0.06951371,0.0735,template
172.0,5,4-7,0.06953163,0.0735,template
172.1,5,4-7,0.06949258,0.0735,template
172.2,5,4-7,0.06973995,0.0735,template
172.3,5,4-7,0.06956298,0.0735,template
172.4,5,4-7,0.06700874,0.0735,template
172.5,4,4-7,0.06017635,0.0735,template
172.6,4,4-7,0.0692625,0.0735,template
172.7,4,4-7,0.06931498,0.0735,template
172.8,2,2-3,0.06913387,0.0681,template
172.9,2,2-3,0.0689649,0.0681,template
173.0,2,2-3,0.06867691,0.0681,template
173.1,1,1,0.06852555,0.0645,template
173.2,1,1,0.06853738,0.0645,template
173.3,1,1,0.06853451,0.0645,template
173.4,1,1,0.0685409,0.0645,template
173.5,1,1,0.0685169,0.0645,template
173.6,1,1,0.06853834,0.0645,template
173.7,1,1,0.06850731,0.0645,template
173.8,1,1,0.06854315,0.0645,template
173.9,1,1,0.06851434,0.0645,template
174.0,1,1,0.06853323,0.0645,template
174.1,1,1,0.06855658,0.0645,template
174.2,1,1,0.04792925,0.0645,template
174.3,1,1,0.06658727,0.0645,template
174.4,4,4-7,0.07513103,0.0735,template
174.5,5,4-7,0.07494192,0.0735,template
174.6,5,4-7,0.06972459,0.0735,template
174.7,5,4-7,0.06837767,0.0735,template
174.8,4,4-7,0.05883432,0.0735,template
174.9,4,4-7,0.06924747,0.0735,template
175.0,3,2-3,0.06943179,0.0681,template
175.1,2,2-3,0.06905674,0.0681,template
175.2,2,2-3,0.06897354,0.0681,template
175.3,2,2-3,0.06895882,0.0681,template
175.4,2,2-3,0.0690625,0.0681,template
175.5,2,2-3,0.06904139,0.0681,template
175.6,3,2-3,0.0343893,0.0681,template
175.7,4,4-7,0.06923626,0.0735,template
175.8,5,4-7,0.07923794,0.0735,template
175.9,5,4-7,0.06970795,0.0735,template
176.0,5,4-7,0.06973739,0.0735,template
176.1,5,4-7,0.05869221,0.0735,template
176.2,5,4-7,0.0688001,0.0735,template
176.3,4,4-7,0.07145483,0.0735,template
176.4,3,2-3,0.07723024,0.0681,template
176.5,2,2-3,0.0715979,0.0681,template
176.6,2,2-3,0.06914666,0.0681,template
176.7,2,2-3,0.05864019,0.0681,template
176.8,2,2-3,0.06788442,0.0681,template
176.9,2,2-3,0.06902666,0.0681,template
177.0,2,2-3,0.06912908,0.0681,template
177.1,2,2-3,0.06901771,0.0681,template
177.2,2,2-3,0.06896267,0.0681,template
177.3,2,2-3,0.06887755,0.0681,template
177.4,0,0,0.05823716,0.1295,template
177.5,3,2-3,0.06944843,0.0681,template
177.6,5,4-7,0.07417354,0.0735,template
177.7,5,4-7,0.0647579,0.0735,template
177.8,5,4-7,0.06959019,0.0735,template
177.9,5,4-7,0.0695713,0.0735,template
178.0,5,4-7,0.06951946,0.0735,template
178.1,5,4-7,0.06950892,0.0735,template
178.2,5,4-7,0.06947115,0.0735,template
178.3,5,4-7,0.06972588,0.0735,template
178.4,5,4-7,0.05795332,0.0735,template
178.5,4,4-7,0.06930666,0.0735,template
178.6,3,2-3,0.06938378,0.0681,template
178.7,2,2-3,0.06907978,0.0681,template
178.8,2,2-3,0.06902123,0.0681,template
178.9,1,1,0.06843691,0.0645,template
179.0,1,1,0.06856907,0.0645,template
179.1,1,1,0.06856747,0.0645,template
179.2,1,1,0.06853675,0.0645,template
179.3,1,1,0.06856172,0.0645,template
179.4,1,1,0.0685425,0.0645,template
179.5,1,1,0.06852201,0.0645,template
179.6,1,1,0.05711427,0.0645,template
179.7,2,2-3,0.07410033,0.0681,template
179.8,4,4-7,0.07395058,0.0735,template
179.9,4,4-7,0.0661431,0.0735,template
180.0,4,4-7,0.08140176,0.0735,template
180.1,5,4-7,0.07421231,0.0735,template
180.2,5,4-7,0.06951659,0.0735,template
180.3,5,4-7,0.05807046,0.0735,template
180.4,5,4-7,0.06961706,0.0735,template
180.5,5,4-7,0.06956587,0.0735,template
180.6,5,4-7,0.06949389,0.0735,template
180.7,5,4-7,0.06949772,0.0735,template
180.8,5,4-7,0.05806532,0.0735,template
180.9,4,4-7,0.06933772,0.0735,template
181.0,3,2-3,0.06933931,0.0681,template
181.1,3,2-3,0.0693342,0.0681,template
181.2,3,2-3,0.06929258,0.0681,template
181.3,3,2-3,0.06922764,0.0681,template
181.4,3,2-3,0.06909771,0.0681,template
181.5,2,2-3,0.0646436,0.0681,template
181.6,2,2-3,0.06181063,0.0681,template
181.7,1,1,0.0693534,0.0645,template
181.8,1,1,0.06895307,0.0645,template
181.9,1,1,0.06891246,0.0645,template
182.0,1,1,0.06868074,0.0645,template
182.1,1,1,0.06872138,0.0645,template
182.2,1,1,0.0688145,0.0645,template
182.3,1,1,0.06882346,0.0645,template
182.4,1,1,0.05365219,0.0645,template
182.5,2,2-3,0.08102899,0.0681,template
182.6,4,4-7,0.07209164,0.0735,template
182.7,5,4-7,0.0857346,0.0735,template
182.8,5,4-7,0.06954188,0.0735,template
182.9,5,4-7,0.05793092,0.0735,template
183.0,5,4-7,0.06974956,0.0735,template
183.1,4,4-7,0.06948555,0.0735,template
183.2,4,4-7,0.06935178,0.0735,template
183.3,4,4-7,0.06925258,0.0735,template
183.4,4,4-7,0.06734967,0.0735,template
183.5,4,4-7,0.06209082,0.0735,template
183.6,4,4-7,0.06940907,0.0735,template
183.7,3,2-3,0.07178125,0.0681,template
183.8,2,2-3,0.06902315,0.0681,template
183.9,3,2-3,0.05507461,0.0681,template
184.0,4,4-7,0.07851409,0.0735,template
184.1,4,4-7,0.07783123,0.0735,template
184.2,5,4-7,0.07456749,0.0735,template
184.3,5,4-7,0.07215917,0.0735,template
184.4,4,4-7,0.05776964,0.0735,template
184.5,4,4-7,0.06927147,0.0735,template
184.6,4,4-7,0.06955023,0.0735,template
184.7,3,2-3,0.06933292,0.0681,template
184.8,3,2-3,0.06935468,0.0681,template
184.9,3,2-3,0.072035,0.0681,template
185.0,3,2-3,0.07162316,0.0681,template
185.1,2,2-3,0.06192616,0.0681,template
185.2,1,1,0.06419848,0.0645,template
185.3,0,0,0.04751868,0.1295,template
185.4,2,2-3,0.07384749,0.0681,template
185.5,4,4-7,0.07607153,0.0735,template
185.6,4,4-7,0.06929642,0.0735,template
185.7,5,4-7,0.07001548,0.0735,template
185.8,5,4-7,0.06959115,0.0735,template
185.9,5,4-7,0.07215788,0.0735,template
186.0,5,4-7,0.06942733,0.0735,template
186.1,4,4-7,0.05767525,0.0735,template
186.2,3,2-3,0.07179436,0.0681,template
186.3,3,2-3,0.06944651,0.0681,template
186.4,2,2-3,0.07162795,0.0681,template
186.5,2,2-3,0.06905227,0.0681,template
186.6,2,2-3,0.06902604,0.0681,template
186.7,1,1,0.06863658,0.0645,template
186.8,0,0,0.02283534,0.1295,template
186.9,0,0,0.01837256,0.1295,template
187.0,3,2-3,0.06050407,0.0681,template
187.1,4,4-7,0.06935597,0.0735,template
187.2,4,4-7,0.06930475,0.0735,template
187.3,5,4-7,0.06295832,0.0735,template
187.4,5,4-7,0.06681049,0.0735,template
187.5,5,4-7,0.06970477,0.0735,template
187.6,4,4-7,0.07155116,0.0735,template
187.7,4,4-7,0.06930764,0.0735,template
187.8,4,4-7,0.06930602,0.0735,template
187.9,3,2-3,0.05931393,0.0681,template
188.0,3,2-3,0.07032497,0.0681,template
188.1,3,2-3,0.07209453,0.0681,template
188.2,3,2-3,0.06944268,0.0681,template
188.3,3,2-3,0.06927722,0.0681,template
188.4,2,2-3,0.06048806,0.0681,template
188.5,2,2-3,0.07373802,0.0681,template
188.6,5,4-7,0.08624407,0.0735,template
188.7,5,4-7,0.07231692,0.0735,template
188.8,5,4-7,0.06954732,0.0735,template
188.9,5,4-7,0.05787524,0.0735,template
189.0,5,4-7,0.07229134,0.0735,template
189.1,5,4-7,0.06963083,0.0735,template
189.2,5,4-7,0.06959822,0.0735,template
189.3,5,4-7,0.06052773,0.0735,template
189.4,5,4-7,0.06951947,0.0735,template
189.5,4,4-7,0.07193773,0.0735,template
189.6,4,4-7,0.0694913,0.0735,template
189.7,4,4-7,0.06931468,0.0735,template
189.8,2,2-3,0.06916844,0.0681,template
189.9,1,1,0.05923008,0.0645,template
190.0,1,1,0.06683119,0.0645,template
190.1,1,1,0.06868748,0.0645,template
190.2,1,1,0.06713417,0.0645,template
190.3,3,2-3,0.0670692,0.0681,template
190.4,3,2-3,0.0733259,0.0681,template
190.5,4,4-7,0.07579599,0.0735,template
190.6,4,4-7,0.06934317,0.0735,template
190.7,4,4-7,0.06804361,0.0735,template
190.8,5,4-7,0.07434062,0.0735,template
190.9,4,4-7,0.06943052,0.0735,template
191.0,4,4-7,0.06596364,0.0735,template
191.1,3,2-3,0.06627366,0.0681,template
191.2,2,2-3,0.06907564,0.0681,template
191.3,2,2-3,0.07117198,0.0681,template
191.4,1,1,0.06875179,0.0645,template
191.5,1,1,0.06894347,0.0645,template
191.6,0,0,0.02377455,0.1295,template
191.7,2,2-3,0.06096675,0.0681,template
191.8,5,4-7,0.07488653,0.0735,template
191.9,5,4-7,0.07192175,0.0735,template
192.0,5,4-7,0.06951019,0.0735,template
192.1,4,4-7,0.0694398,0.0735,template
192.2,4,4-7,0.06936235,0.0735,template
192.3,3,2-3,0.06932971,0.0681,template
192.4,1,1,0.05933023,0.0645,template
192.5,1,1,0.0666408,0.0645,template
192.6,1,1,0.06867372,0.0645,template
192.7,1,1,0.06871052,0.0645,template
192.8,1,1,0.0688545,0.0645,template
192.9,1,1,0.06910986,0.0645,template
193.0,1,1,0.06868844,0.0645,template
193.1,1,1,0.06875149,0.0645,template
193.2,1,1,0.06877292,0.0645,template
193.3,1,1,0.06906189,0.0645,template
193.4,1,1,0.06866699,0.0645,template
193.5,1,1,0.06888234,0.0645,template
193.6,1,1,0.06883085,0.0645,template
193.7,1,1,0.06254685,0.0645,template
