target,process,expected_instances_per_iter,observed_instances_per_iter,template_absolute_host_ns,template_scaled_host_ns,observed_host_ns,abs_err_pct,scaled_err_pct,template_absolute_share_pct,observed_share_pct,template_gpu_ns,observed_gpu_ns,gpu_err_pct
react_moa_mcts,mir_operator:decode_layer00,850,850.0,1086832696.5,1048894412.5,1028277067.7,5.7,2.0,3.55,3.48,175572064.5,178171378.7,-1.5
react_moa_mcts,mir_operator:decode_layer01,850,850.0,1045039510.5,1008560109.5,987185638.0,5.9,2.2,3.42,3.34,174982348.0,178331821.0,-1.9
react_moa_mcts,mir_operator:decode_layer02,850,850.0,1036297013.5,1000122788.6,978440163.0,5.9,2.2,3.39,3.32,174909236.0,178396859.3,-2.0
react_moa_mcts,mir_operator:decode_layer03,850,850.0,1031522963.5,995515387.3,974419405.3,5.9,2.2,3.37,3.3,174745720.5,178334429.0,-2.0
react_moa_mcts,mir_operator:decode_layer04,850,850.0,1029488593.0,993552031.0,973643621.3,5.7,2.0,3.37,3.3,174961817.5,178066878.7,-1.7
react_moa_mcts,mir_operator:decode_layer05,850,850.0,1028916547.0,992999953.5,971236579.7,5.9,2.2,3.36,3.29,174868525.0,178124428.0,-1.8
react_moa_mcts,mir_operator:decode_layer08,850,850.0,1028732192.0,992822033.8,968198515.0,6.3,2.5,3.36,3.28,174857360.0,177758226.7,-1.6
react_moa_mcts,mir_operator:decode_layer06,850,850.0,1028671724.0,992763676.6,969270466.3,6.1,2.4,3.36,3.28,175208003.0,178297139.0,-1.7
react_moa_mcts,mir_operator:decode_layer11,850,850.0,1028006135.5,992121321.9,966467279.0,6.4,2.7,3.36,3.27,174781095.0,178465161.0,-2.1
react_moa_mcts,mir_operator:decode_layer09,850,850.0,1027412658.0,991548561.0,969678295.7,6.0,2.3,3.36,3.29,175033932.0,178598194.7,-2.0
react_moa_mcts,mir_operator:decode_layer10,850,850.0,1027194897.5,991338402.0,967651201.7,6.2,2.4,3.36,3.28,174705696.5,178137772.7,-1.9
react_moa_mcts,mir_operator:decode_layer20,850,850.0,1027031513.5,991180721.2,965391091.7,6.4,2.7,3.36,3.27,175058045.0,177639662.0,-1.5
react_moa_mcts,mir_operator:decode_layer07,850,850.0,1026846345.5,991002016.9,969090543.0,6.0,2.3,3.36,3.28,174893105.5,178212925.7,-1.9
react_moa_mcts,mir_operator:decode_layer14,850,850.0,1026037059.0,990220980.3,970245209.7,5.8,2.1,3.36,3.29,174794327.5,177435782.0,-1.5
react_moa_mcts,mir_operator:decode_layer24,850,850.0,1025991428.5,990176942.7,967872698.3,6.0,2.3,3.35,3.28,174882963.5,178625296.3,-2.1
react_moa_mcts,mir_operator:decode_layer12,850,850.0,1025923569.5,990111452.4,965561293.7,6.3,2.5,3.35,3.27,175122655.0,178611754.7,-2.0
react_moa_mcts,mir_operator:decode_layer18,850,850.0,1025860131.5,990050228.9,965836645.0,6.2,2.5,3.35,3.27,174891813.0,178343893.0,-1.9
react_moa_mcts,mir_operator:decode_layer19,850,850.0,1025364081.5,989571494.6,966414447.3,6.1,2.4,3.35,3.27,174948483.0,177954145.7,-1.7
react_moa_mcts,mir_operator:decode_layer27,850,850.0,1025285893.0,989496035.4,967680059.7,6.0,2.3,3.35,3.28,174879839.0,178099886.3,-1.8
react_moa_mcts,mir_operator:decode_layer16,850,850.0,1025213428.5,989426100.5,965740534.7,6.2,2.5,3.35,3.27,174876034.0,177805835.3,-1.6
react_moa_mcts,mir_operator:decode_layer21,850,850.0,1024931438.5,989153954.0,966623387.7,6.0,2.3,3.35,3.28,174757154.0,177859182.3,-1.7
react_moa_mcts,mir_operator:decode_layer23,850,850.0,1024794666.0,989021955.8,967409103.0,5.9,2.2,3.35,3.28,174703521.5,178011128.7,-1.9
react_moa_mcts,mir_operator:decode_layer26,850,850.0,1024794449.5,989021746.9,969902704.7,5.7,2.0,3.35,3.29,175181359.0,178347569.3,-1.8
react_moa_mcts,mir_operator:decode_layer13,850,850.0,1024702740.5,988933239.2,966262175.3,6.0,2.3,3.35,3.27,174879194.0,178726460.0,-2.2
react_moa_mcts,mir_operator:decode_layer17,850,850.0,1023916172.0,988174127.6,966170790.7,6.0,2.3,3.35,3.27,174846712.0,178705375.7,-2.2
react_moa_mcts,mir_operator:decode_layer15,850,850.0,1023734327.5,987998630.8,966828308.7,5.9,2.2,3.35,3.28,175103391.0,177683051.0,-1.5
react_moa_mcts,mir_operator:decode_layer22,850,850.0,1023116194.0,987402074.6,969024035.3,5.6,1.9,3.35,3.28,174787256.0,177964876.7,-1.8
react_moa_mcts,mir_operator:decode_layer25,850,850.0,1021204732.5,985557336.8,969017645.3,5.4,1.7,3.34,3.28,174958962.0,178400044.0,-1.9
react_moa_mcts,inter_operator_dispatch,26650,26650.0,570535458.0,550619663.9,1134999917.7,-49.7,-51.5,1.87,3.85,0.0,11535633.0,-100.0
react_moa_mcts,mir_operator:decode_sample,850,850.0,524372313.5,506067945.4,531610543.0,-1.4,-4.8,1.71,1.8,6425312.0,6481333.7,-0.9
react_moa_mcts,mir_operator:decode_head,850,850.0,205637855.0,198459613.7,191980457.0,7.1,3.4,0.67,0.65,563773516.5,567514192.3,-0.7
react_moa_mcts,mir_operator:decode_embed,850,850.0,48592734.5,46896498.3,43207483.3,12.5,8.5,0.16,0.15,1649472.0,1665784.3,-1.0
react_moa_mcts,mir_operator:prefill_sample,10,10.0,18160781.0,17526839.0,21783565.7,-16.6,-19.5,0.06,0.07,82784.0,82688.7,0.1
react_moa_mcts,token_preprocess_cpu,10,10.0,16473304.5,15898267.6,14084425.0,17.0,12.9,0.05,0.05,0.0,0.0,
react_moa_mcts,mir_operator:prefill_layer00,10,10.0,15017777.0,14493548.5,13992202.0,7.3,3.6,0.05,0.05,5164292.5,5547024.3,-6.9
react_moa_mcts,mir_operator:prefill_layer01,10,10.0,13851931.0,13368398.9,12970105.7,6.8,3.1,0.05,0.04,5141012.0,5632182.3,-8.7
react_moa_mcts,mir_operator:prefill_layer02,10,10.0,13401741.0,12933923.8,12739009.0,5.2,1.5,0.04,0.04,5101108.0,5564910.7,-8.3
react_moa_mcts,mir_operator:prefill_layer03,10,10.0,13308189.5,12843637.9,12609958.0,5.5,1.9,0.04,0.04,5100405.0,5634757.0,-9.5
react_moa_mcts,mir_operator:prefill_layer15,10,10.0,12933722.0,12482242.0,12482738.0,3.6,-0.0,0.04,0.04,5097363.5,5639441.7,-9.6
react_moa_mcts,mir_operator:prefill_layer14,10,10.0,12915389.0,12464549.0,12503881.0,3.3,-0.3,0.04,0.04,6038742.0,5619294.3,7.5
react_moa_mcts,mir_operator:prefill_layer09,10,10.0,12878839.5,12429275.3,12528468.7,2.8,-0.8,0.04,0.04,5103099.5,5594856.3,-8.8
react_moa_mcts,mir_operator:prefill_layer12,10,10.0,12874894.5,12425468.0,12506957.0,2.9,-0.7,0.04,0.04,5131429.0,5621254.7,-8.7
react_moa_mcts,mir_operator:prefill_layer13,10,10.0,12865154.5,12416068.0,12465612.3,3.2,-0.4,0.04,0.04,5146398.0,5594575.7,-8.0
react_moa_mcts,mir_operator:prefill_layer21,10,10.0,12860616.5,12411688.4,12388180.3,3.8,0.2,0.04,0.04,5100678.0,5558412.7,-8.2
react_moa_mcts,mir_operator:prefill_layer17,10,10.0,12830618.0,12382737.1,12441333.7,3.1,-0.5,0.04,0.04,5092996.5,5643197.0,-9.7
react_moa_mcts,mir_operator:prefill_layer18,10,10.0,12820717.0,12373181.7,12438366.3,3.1,-0.5,0.04,0.04,5106579.5,5554541.3,-8.1
react_moa_mcts,mir_operator:prefill_layer22,10,10.0,12808319.0,12361216.5,12342568.3,3.8,0.2,0.04,0.04,5102308.5,5593382.0,-8.8
react_moa_mcts,mir_operator:prefill_layer20,10,10.0,12802244.0,12355353.5,12400080.0,3.2,-0.4,0.04,0.04,5109348.0,5583632.3,-8.5
react_moa_mcts,mir_operator:prefill_layer04,10,10.0,12777894.0,12331853.5,12526008.7,2.0,-1.6,0.04,0.04,5130859.5,5628923.7,-8.8
react_moa_mcts,mir_operator:prefill_layer25,10,10.0,12747988.5,12302991.9,12438921.7,2.5,-1.1,0.04,0.04,5147604.5,5582342.3,-7.8
react_moa_mcts,mir_operator:prefill_layer16,10,10.0,12745401.0,12300494.8,12540932.3,1.6,-1.9,0.04,0.04,5109981.0,5561669.3,-8.1
react_moa_mcts,mir_operator:prefill_layer11,10,10.0,12738292.5,12293634.4,12418546.3,2.6,-1.0,0.04,0.04,5096356.0,5580239.7,-8.7
react_moa_mcts,mir_operator:prefill_layer19,10,10.0,12700755.5,12257407.7,12404896.3,2.4,-1.2,0.04,0.04,5108021.5,5722857.7,-10.7
react_moa_mcts,mir_operator:prefill_layer26,10,10.0,12674036.5,12231621.4,12429211.7,2.0,-1.6,0.04,0.04,5138501.0,5608102.0,-8.4
react_moa_mcts,mir_operator:prefill_layer27,10,10.0,12651772.5,12210134.6,12428214.7,1.8,-1.8,0.04,0.04,5118124.0,5567983.7,-8.1
react_moa_mcts,mir_operator:prefill_layer24,10,10.0,12626333.0,12185583.1,12608446.3,0.1,-3.4,0.04,0.04,5103125.0,5606556.0,-9.0
react_moa_mcts,mir_operator:prefill_layer05,10,10.0,12531485.5,12094046.5,12423042.3,0.9,-2.6,0.04,0.04,5088261.5,5542769.7,-8.2
react_moa_mcts,mir_operator:prefill_layer07,10,10.0,12428162.0,11994329.7,12495771.7,-0.5,-4.0,0.04,0.04,5104908.5,5578472.0,-8.5
react_moa_mcts,mir_operator:prefill_layer06,10,10.0,12425342.0,11991608.1,12416378.0,0.1,-3.4,0.04,0.04,5097190.5,5641741.0,-9.7
react_moa_mcts,mir_operator:prefill_layer08,10,10.0,12400079.0,11967227.0,12511529.0,-0.9,-4.4,0.04,0.04,5110972.0,5588616.7,-8.5
react_moa_mcts,mir_operator:prefill_layer10,10,10.0,12340532.5,11909759.1,12511023.7,-1.4,-4.8,0.04,0.04,5114227.5,5725193.0,-10.7
react_moa_mcts,mir_operator:prefill_layer23,10,10.0,12332437.5,11901946.7,12412144.7,-0.6,-4.1,0.04,0.04,5104979.5,5753297.0,-11.3
react_moa_mcts,pre_d2h_alloc,10,10.0,3823520.5,3690052.1,13970266.0,-72.6,-73.6,0.01,0.05,7360.0,7434.7,-1.0
react_moa_mcts,mir_operator:prefill_head,10,10.0,2529826.0,2441516.9,2456717.3,3.0,-0.6,0.01,0.01,18831607.5,22350488.7,-15.7
react_moa_mcts,weight_init,10,10.0,1899193.0,1832897.5,1588528.3,19.6,15.4,0.01,0.01,0.0,0.0,
react_moa_mcts,host_input_generate,10,10.0,1365977.5,1318295.1,1285888.0,6.2,2.5,0.0,0.0,0.0,0.0,
react_moa_mcts,d2h_stage,10,10.0,1309915.5,1264190.0,1289181.3,1.6,-1.9,0.0,0.0,8640.0,8970.7,-3.7
react_moa_mcts,h2d_stage,10,10.0,1096236.0,1057969.5,1053896.7,4.0,0.4,0.0,0.0,4944.0,4896.0,1.0
react_moa_mcts,mir_operator:prefill_embed,10,10.0,992798.5,958142.7,883260.7,12.4,8.5,0.0,0.0,22656.0,22784.0,-0.6
react_moa_mcts,dag_schedule_gap,11,11.0,898909.0,867530.6,2143840.0,-58.1,-59.5,0.0,0.01,0.0,0.0,
react_moa_mcts,checksum_complete,10,10.0,483412.0,466537.4,472293.3,2.4,-1.2,0.0,0.0,0.0,0.0,
react_moa_mcts,agent_tool_execute_cpu,1,1.0,290996.5,280838.6,361551.3,-19.5,-22.3,0.0,0.0,0.0,0.0,
react_moa_mcts,iteration_tail_sync,1,1.0,137658.5,132853.2,129584.0,6.2,2.5,0.0,0.0,0.0,0.0,
react_moa_mcts,adapter_dispatch,10,10.0,40646.5,39227.6,55689.7,-27.0,-29.6,0.0,0.0,0.0,0.0,
