workload,iteration,launch_order,call_id,process,op_index,kind,family,name,api_name,api_start_rel_us,gpu_start_rel_us,gpu_ns,launch_latency_ns,grid,block,stream
planner_debate_L_it1,7,1,planner-seed,h2d_stage,,memcpy,memcpy,memcpy_Host-to-Device,cudaMemcpyAsync_v3020,4005521.4,4005547.9,1043907,26564,0x0x0,0x0x0,7
planner_debate_L_it1,7,2,planner-seed,weight_init,,kernel,rng_init,"void at::native::<unnamed>::distribution_elementwise_grid_stride_kernel<float, (int)4, void at::native::templates::cuda:",cudaLaunchKernel_v7000,4006695.9,4006792.9,28063,96959,768x1x1,256x1x1,7
planner_debate_L_it1,7,3,planner-seed,weight_init,,kernel,elementwise_binary,"void at::native::vectorized_elementwise_kernel<(int)8, at::native::BUnaryFunctor<c10::Half, c10::Half, c10::Half, at::na",cudaLaunchKernel_v7000,4006772.3,4006821.6,14816,49296,12544x1x1,128x1x1,7
planner_debate_L_it1,7,4,planner-seed,mir_operator:RMSNormOp,6,kernel,copy,void at::native::unrolled_elementwise_kernel<at::native::direct_copy_kernel_cuda(at::TensorIteratorBase &)::[lambda() (i,cudaLaunchKernel_v7000,4006881.1,4006890.1,85118,8997,12544x1x1,128x1x1,7
planner_debate_L_it1,7,5,planner-seed,mir_operator:RMSNormOp,6,kernel,elementwise_unary,"void at::native::vectorized_elementwise_kernel<(int)4, void at::native::<unnamed>::pow_tensor_scalar_kernel_impl<float, ",cudaLaunchKernel_v7000,4006908.2,4006976.0,70654,67812,12544x1x1,128x1x1,7
planner_debate_L_it1,7,6,planner-seed,mir_operator:RMSNormOp,6,kernel,reduce,"void at::native::reduce_kernel<(int)512, (int)1, at::native::ReduceOp<float, at::native::MeanOps<float, float, float, fl",cudaLaunchKernel_v7000,4006933.9,4007047.4,21087,113505,224x1x1,32x16x1,7
planner_debate_L_it1,7,7,planner-seed,mir_operator:RMSNormOp,6,kernel,elementwise_binary,"void at::native::vectorized_elementwise_kernel<(int)4, at::native::CUDAFunctorOnSelf_add<float>, std::array<char *, (uns",cudaLaunchKernel_v7000,4006957.7,4007069.1,1184,111377,4x1x1,128x1x1,7
planner_debate_L_it1,7,8,planner-seed,mir_operator:RMSNormOp,6,kernel,elementwise_unary,"void at::native::vectorized_elementwise_kernel<(int)4, at::native::rsqrt_kernel_cuda(at::TensorIteratorBase &)::[lambda(",cudaLaunchKernel_v7000,4006977.4,4007071.0,1088,93602,4x1x1,128x1x1,7
planner_debate_L_it1,7,9,planner-seed,mir_operator:RMSNormOp,6,kernel,elementwise_binary,"void at::native::elementwise_kernel<(int)128, (int)2, void at::native::gpu_kernel_impl_nocast<at::native::BinaryFunctor<",cudaLaunchKernel_v7000,4006999.4,4007072.8,88061,73337,50176x1x1,128x1x1,7
planner_debate_L_it1,7,10,planner-seed,mir_operator:RMSNormOp,6,kernel,copy,"void at::native::vectorized_elementwise_kernel<(int)8, at::native::float16_copy_kernel_cuda(at::TensorIteratorBase &)::[",cudaLaunchKernel_v7000,4007026.3,4007161.5,54943,135155,12544x1x1,128x1x1,7
planner_debate_L_it1,7,11,planner-seed,mir_operator:AddOp,7,kernel,elementwise_binary,"void at::native::vectorized_elementwise_kernel<(int)8, at::native::CUDAFunctorOnSelf_add<c10::Half>, std::array<char *, ",cudaLaunchKernel_v7000,4007295.5,4007303.4,14688,7916,12544x1x1,128x1x1,7
planner_debate_L_it1,7,12,planner-seed,mir_operator:RMSNormOp,8,kernel,copy,void at::native::unrolled_elementwise_kernel<at::native::direct_copy_kernel_cuda(at::TensorIteratorBase &)::[lambda() (i,cudaLaunchKernel_v7000,4007379.0,4007386.4,52671,7401,12544x1x1,128x1x1,7
planner_debate_L_it1,7,13,planner-seed,mir_operator:RMSNormOp,8,kernel,elementwise_unary,"void at::native::vectorized_elementwise_kernel<(int)4, void at::native::<unnamed>::pow_tensor_scalar_kernel_impl<float, ",cudaLaunchKernel_v7000,4007396.7,4007439.7,70622,42983,12544x1x1,128x1x1,7
planner_debate_L_it1,7,14,planner-seed,mir_operator:RMSNormOp,8,kernel,reduce,"void at::native::reduce_kernel<(int)512, (int)1, at::native::ReduceOp<float, at::native::MeanOps<float, float, float, fl",cudaLaunchKernel_v7000,4007417.1,4007511.0,22432,93957,224x1x1,32x16x1,7
planner_debate_L_it1,7,15,planner-seed,mir_operator:RMSNormOp,8,kernel,elementwise_binary,"void at::native::vectorized_elementwise_kernel<(int)4, at::native::CUDAFunctorOnSelf_add<float>, std::array<char *, (uns",cudaLaunchKernel_v7000,4007431.7,4007534.1,1152,102429,4x1x1,128x1x1,7
planner_debate_L_it1,7,16,planner-seed,mir_operator:RMSNormOp,8,kernel,elementwise_unary,"void at::native::vectorized_elementwise_kernel<(int)4, at::native::rsqrt_kernel_cuda(at::TensorIteratorBase &)::[lambda(",cudaLaunchKernel_v7000,4007444.9,4007536.0,1088,91133,4x1x1,128x1x1,7
planner_debate_L_it1,7,17,planner-seed,mir_operator:RMSNormOp,8,kernel,elementwise_binary,"void at::native::elementwise_kernel<(int)128, (int)2, void at::native::gpu_kernel_impl_nocast<at::native::BinaryFunctor<",cudaLaunchKernel_v7000,4007459.5,4007537.8,88093,78322,50176x1x1,128x1x1,7
planner_debate_L_it1,7,18,planner-seed,mir_operator:RMSNormOp,8,kernel,copy,"void at::native::vectorized_elementwise_kernel<(int)8, at::native::float16_copy_kernel_cuda(at::TensorIteratorBase &)::[",cudaLaunchKernel_v7000,4007475.3,4007626.5,54975,151259,12544x1x1,128x1x1,7
planner_debate_L_it1,7,19,planner-seed,mir_operator:LinearOp,10,kernel,gemm,void cutlass::Kernel2<cutlass_80_tensorop_f16_s16816gemm_relu_f16_64x64_32x6_nn_align8>(T1::Params),cuLaunchKernel,4007797.9,4007806.4,636366,8545,448x7x1,128x1x1,7
planner_debate_L_it1,7,20,planner-seed,mir_operator:LinearOp,11,kernel,gemm,void cutlass::Kernel2<cutlass_80_tensorop_f16_s16816gemm_relu_f16_64x64_32x6_nn_align8>(T1::Params),cuLaunchKernel,4008511.8,4008518.6,635886,6816,448x7x1,128x1x1,7
planner_debate_L_it1,7,21,planner-seed,mir_operator:LinearOp,12,kernel,gemm,void cutlass::Kernel2<cutlass_80_tensorop_f16_s16816gemm_relu_f16_64x64_32x6_nn_align8>(T1::Params),cuLaunchKernel,4009220.7,4009227.4,635661,6689,448x7x1,128x1x1,7
planner_debate_L_it1,7,22,planner-seed,mir_operator:TransposeOp,14,kernel,copy,"void at::native::elementwise_kernel<(int)128, (int)4, void at::native::gpu_kernel_impl_nocast<at::native::direct_copy_ke",cudaLaunchKernel_v7000,4010019.3,4010036.4,177851,17123,25088x1x1,128x1x1,7
planner_debate_L_it1,7,23,planner-seed,d2h_stage,,memcpy,memcpy,memcpy_Device-to-Host,cudaMemcpyAsync_v3020,4010274.5,4010293.6,1110560,19155,0x0x0,0x0x0,7
planner_debate_L_it1,7,24,critic-a,h2d_stage,,memcpy,memcpy,memcpy_Host-to-Device,cudaMemcpyAsync_v3020,4126931.2,4126957.5,1375032,26347,0x0x0,0x0x0,7
planner_debate_L_it1,7,25,critic-a,weight_init,,kernel,rng_init,"void at::native::<unnamed>::distribution_elementwise_grid_stride_kernel<float, (int)4, void at::native::templates::cuda:",cudaLaunchKernel_v7000,4128434.4,4128531.0,36159,96576,768x1x1,256x1x1,7
planner_debate_L_it1,7,26,critic-a,weight_init,,kernel,elementwise_binary,"void at::native::vectorized_elementwise_kernel<(int)8, at::native::BUnaryFunctor<c10::Half, c10::Half, c10::Half, at::na",cudaLaunchKernel_v7000,4128520.9,4128567.9,19871,46995,16384x1x1,128x1x1,7
planner_debate_L_it1,7,27,critic-a,mir_operator:RMSNormOp,6,kernel,copy,void at::native::unrolled_elementwise_kernel<at::native::direct_copy_kernel_cuda(at::TensorIteratorBase &)::[lambda() (i,cudaLaunchKernel_v7000,4128631.5,4128641.9,114172,10450,16384x1x1,128x1x1,7
planner_debate_L_it1,7,28,critic-a,mir_operator:RMSNormOp,6,kernel,elementwise_unary,"void at::native::vectorized_elementwise_kernel<(int)4, void at::native::<unnamed>::pow_tensor_scalar_kernel_impl<float, ",cudaLaunchKernel_v7000,4128659.4,4128756.8,145756,97404,16384x1x1,128x1x1,7
planner_debate_L_it1,7,29,critic-a,mir_operator:RMSNormOp,6,kernel,reduce,"void at::native::reduce_kernel<(int)512, (int)1, at::native::ReduceOp<float, at::native::MeanOps<float, float, float, fl",cudaLaunchKernel_v7000,4128689.5,4128903.3,36607,213796,256x1x1,32x16x1,7
planner_debate_L_it1,7,30,critic-a,mir_operator:RMSNormOp,6,kernel,elementwise_binary,"void at::native::vectorized_elementwise_kernel<(int)4, at::native::CUDAFunctorOnSelf_add<float>, std::array<char *, (uns",cudaLaunchKernel_v7000,4128714.3,4128940.7,1408,226342,4x1x1,128x1x1,7
planner_debate_L_it1,7,31,critic-a,mir_operator:RMSNormOp,6,kernel,elementwise_unary,"void at::native::vectorized_elementwise_kernel<(int)4, at::native::rsqrt_kernel_cuda(at::TensorIteratorBase &)::[lambda(",cudaLaunchKernel_v7000,4128734.3,4128942.8,1088,208417,4x1x1,128x1x1,7
planner_debate_L_it1,7,32,critic-a,mir_operator:RMSNormOp,6,kernel,elementwise_binary,"void at::native::elementwise_kernel<(int)128, (int)2, void at::native::gpu_kernel_impl_nocast<at::native::BinaryFunctor<",cudaLaunchKernel_v7000,4128755.8,4128944.5,128220,188666,65536x1x1,128x1x1,7
planner_debate_L_it1,7,33,critic-a,mir_operator:RMSNormOp,6,kernel,copy,"void at::native::vectorized_elementwise_kernel<(int)8, at::native::float16_copy_kernel_cuda(at::TensorIteratorBase &)::[",cudaLaunchKernel_v7000,4128777.0,4129073.4,90622,296395,16384x1x1,128x1x1,7
planner_debate_L_it1,7,34,critic-a,mir_operator:AddOp,7,kernel,elementwise_binary,"void at::native::vectorized_elementwise_kernel<(int)8, at::native::CUDAFunctorOnSelf_add<c10::Half>, std::array<char *, ",cudaLaunchKernel_v7000,4129242.3,4129261.9,26975,19645,16384x1x1,128x1x1,7
planner_debate_L_it1,7,35,critic-a,mir_operator:RMSNormOp,8,kernel,copy,void at::native::unrolled_elementwise_kernel<at::native::direct_copy_kernel_cuda(at::TensorIteratorBase &)::[lambda() (i,cudaLaunchKernel_v7000,4129348.5,4129356.3,86910,7719,16384x1x1,128x1x1,7
planner_debate_L_it1,7,36,critic-a,mir_operator:RMSNormOp,8,kernel,elementwise_unary,"void at::native::vectorized_elementwise_kernel<(int)4, void at::native::<unnamed>::pow_tensor_scalar_kernel_impl<float, ",cudaLaunchKernel_v7000,4129371.8,4129443.9,145052,72024,16384x1x1,128x1x1,7
planner_debate_L_it1,7,37,critic-a,mir_operator:RMSNormOp,8,kernel,reduce,"void at::native::reduce_kernel<(int)512, (int)1, at::native::ReduceOp<float, at::native::MeanOps<float, float, float, fl",cudaLaunchKernel_v7000,4129389.8,4129589.6,36798,199798,256x1x1,32x16x1,7
planner_debate_L_it1,7,38,critic-a,mir_operator:RMSNormOp,8,kernel,elementwise_binary,"void at::native::vectorized_elementwise_kernel<(int)4, at::native::CUDAFunctorOnSelf_add<float>, std::array<char *, (uns",cudaLaunchKernel_v7000,4129404.0,4129627.1,1248,223132,4x1x1,128x1x1,7
planner_debate_L_it1,7,39,critic-a,mir_operator:RMSNormOp,8,kernel,elementwise_unary,"void at::native::vectorized_elementwise_kernel<(int)4, at::native::rsqrt_kernel_cuda(at::TensorIteratorBase &)::[lambda(",cudaLaunchKernel_v7000,4129417.7,4129629.0,1088,211329,4x1x1,128x1x1,7
planner_debate_L_it1,7,40,critic-a,mir_operator:RMSNormOp,8,kernel,elementwise_binary,"void at::native::elementwise_kernel<(int)128, (int)2, void at::native::gpu_kernel_impl_nocast<at::native::BinaryFunctor<",cudaLaunchKernel_v7000,4129432.7,4129630.8,128477,198109,65536x1x1,128x1x1,7
planner_debate_L_it1,7,41,critic-a,mir_operator:RMSNormOp,8,kernel,copy,"void at::native::vectorized_elementwise_kernel<(int)8, at::native::float16_copy_kernel_cuda(at::TensorIteratorBase &)::[",cudaLaunchKernel_v7000,4129459.3,4129760.0,91389,300737,16384x1x1,128x1x1,7
planner_debate_L_it1,7,42,critic-a,mir_operator:LinearOp,10,memset,memset,memset,cudaMemsetAsync_v3020,4129956.6,4129971.8,864,15203,0x0x0,0x0x0,7
planner_debate_L_it1,7,43,critic-a,mir_operator:LinearOp,10,kernel,gemm,ampere_fp16_s1688gemm_fp16_128x128_ldg8_f2f_stages_32x1_nn,cudaLaunchKernel_v7000,4129981.9,4129991.1,850984,9120,32x32x3,128x1x1,7
planner_debate_L_it1,7,44,critic-a,mir_operator:LinearOp,11,memset,memset,memset,cudaMemsetAsync_v3020,4130907.0,4130913.2,864,6222,0x0x0,0x0x0,7
planner_debate_L_it1,7,45,critic-a,mir_operator:LinearOp,11,kernel,gemm,ampere_fp16_s1688gemm_fp16_128x128_ldg8_f2f_stages_32x1_nn,cudaLaunchKernel_v7000,4130917.3,4130924.1,850792,6891,32x32x3,128x1x1,7
planner_debate_L_it1,7,46,critic-a,mir_operator:LinearOp,12,memset,memset,memset,cudaMemsetAsync_v3020,4131832.9,4131838.3,864,5410,0x0x0,0x0x0,7
planner_debate_L_it1,7,47,critic-a,mir_operator:LinearOp,12,kernel,gemm,ampere_fp16_s1688gemm_fp16_128x128_ldg8_f2f_stages_32x1_nn,cudaLaunchKernel_v7000,4131841.8,4131848.5,850824,6784,32x32x3,128x1x1,7
planner_debate_L_it1,7,48,critic-a,mir_operator:TransposeOp,14,kernel,copy,"void at::native::elementwise_kernel<(int)128, (int)4, void at::native::gpu_kernel_impl_nocast<at::native::direct_copy_ke",cudaLaunchKernel_v7000,4132849.7,4132858.9,226490,9251,32768x1x1,128x1x1,7
planner_debate_L_it1,7,49,critic-a,d2h_stage,,memcpy,memcpy,memcpy_Device-to-Host,cudaMemcpyAsync_v3020,4133146.7,4133160.9,1486741,14159,0x0x0,0x0x0,7
planner_debate_L_it1,7,50,critic-b,h2d_stage,,memcpy,memcpy,memcpy_Host-to-Device,cudaMemcpyAsync_v3020,4249278.7,4249303.7,1446839,25004,0x0x0,0x0x0,7
planner_debate_L_it1,7,51,critic-b,weight_init,,kernel,rng_init,"void at::native::<unnamed>::distribution_elementwise_grid_stride_kernel<float, (int)4, void at::native::templates::cuda:",cudaLaunchKernel_v7000,4250852.6,4250948.2,35711,95617,768x1x1,256x1x1,7
planner_debate_L_it1,7,52,critic-b,weight_init,,kernel,elementwise_binary,"void at::native::vectorized_elementwise_kernel<(int)8, at::native::BUnaryFunctor<c10::Half, c10::Half, c10::Half, at::na",cudaLaunchKernel_v7000,4250942.1,4250984.7,19968,42583,16384x1x1,128x1x1,7
planner_debate_L_it1,7,53,critic-b,mir_operator:RMSNormOp,6,kernel,copy,void at::native::unrolled_elementwise_kernel<at::native::direct_copy_kernel_cuda(at::TensorIteratorBase &)::[lambda() (i,cudaLaunchKernel_v7000,4251064.9,4251075.3,111964,10383,16384x1x1,128x1x1,7
planner_debate_L_it1,7,54,critic-b,mir_operator:RMSNormOp,6,kernel,elementwise_unary,"void at::native::vectorized_elementwise_kernel<(int)4, void at::native::<unnamed>::pow_tensor_scalar_kernel_impl<float, ",cudaLaunchKernel_v7000,4251094.5,4251187.9,147932,93483,16384x1x1,128x1x1,7
planner_debate_L_it1,7,55,critic-b,mir_operator:RMSNormOp,6,kernel,reduce,"void at::native::reduce_kernel<(int)512, (int)1, at::native::ReduceOp<float, at::native::MeanOps<float, float, float, fl",cudaLaunchKernel_v7000,4251122.5,4251336.6,37503,214171,256x1x1,32x16x1,7
planner_debate_L_it1,7,56,critic-b,mir_operator:RMSNormOp,6,kernel,elementwise_binary,"void at::native::vectorized_elementwise_kernel<(int)4, at::native::CUDAFunctorOnSelf_add<float>, std::array<char *, (uns",cudaLaunchKernel_v7000,4251147.5,4251374.9,1280,227384,4x1x1,128x1x1,7
planner_debate_L_it1,7,57,critic-b,mir_operator:RMSNormOp,6,kernel,elementwise_unary,"void at::native::vectorized_elementwise_kernel<(int)4, at::native::rsqrt_kernel_cuda(at::TensorIteratorBase &)::[lambda(",cudaLaunchKernel_v7000,4251167.1,4251376.9,1088,209880,4x1x1,128x1x1,7
planner_debate_L_it1,7,58,critic-b,mir_operator:RMSNormOp,6,kernel,elementwise_binary,"void at::native::elementwise_kernel<(int)128, (int)2, void at::native::gpu_kernel_impl_nocast<at::native::BinaryFunctor<",cudaLaunchKernel_v7000,4251190.9,4251378.7,127708,187796,65536x1x1,128x1x1,7
planner_debate_L_it1,7,59,critic-b,mir_operator:RMSNormOp,6,kernel,copy,"void at::native::vectorized_elementwise_kernel<(int)8, at::native::float16_copy_kernel_cuda(at::TensorIteratorBase &)::[",cudaLaunchKernel_v7000,4251217.4,4251507.5,90494,290041,16384x1x1,128x1x1,7
planner_debate_L_it1,7,60,critic-b,mir_operator:AddOp,7,kernel,elementwise_binary,"void at::native::vectorized_elementwise_kernel<(int)8, at::native::CUDAFunctorOnSelf_add<c10::Half>, std::array<char *, ",cudaLaunchKernel_v7000,4251692.9,4251701.3,27199,8417,16384x1x1,128x1x1,7
planner_debate_L_it1,7,61,critic-b,mir_operator:RMSNormOp,8,kernel,copy,void at::native::unrolled_elementwise_kernel<at::native::direct_copy_kernel_cuda(at::TensorIteratorBase &)::[lambda() (i,cudaLaunchKernel_v7000,4251795.8,4251804.1,87133,8272,16384x1x1,128x1x1,7
planner_debate_L_it1,7,62,critic-b,mir_operator:RMSNormOp,8,kernel,elementwise_unary,"void at::native::vectorized_elementwise_kernel<(int)4, void at::native::<unnamed>::pow_tensor_scalar_kernel_impl<float, ",cudaLaunchKernel_v7000,4251821.3,4251891.8,144796,70553,16384x1x1,128x1x1,7
planner_debate_L_it1,7,63,critic-b,mir_operator:RMSNormOp,8,kernel,reduce,"void at::native::reduce_kernel<(int)512, (int)1, at::native::ReduceOp<float, at::native::MeanOps<float, float, float, fl",cudaLaunchKernel_v7000,4251840.8,4252037.3,36895,196517,256x1x1,32x16x1,7
planner_debate_L_it1,7,64,critic-b,mir_operator:RMSNormOp,8,kernel,elementwise_binary,"void at::native::vectorized_elementwise_kernel<(int)4, at::native::CUDAFunctorOnSelf_add<float>, std::array<char *, (uns",cudaLaunchKernel_v7000,4251856.3,4252074.9,1248,218609,4x1x1,128x1x1,7
planner_debate_L_it1,7,65,critic-b,mir_operator:RMSNormOp,8,kernel,elementwise_unary,"void at::native::vectorized_elementwise_kernel<(int)4, at::native::rsqrt_kernel_cuda(at::TensorIteratorBase &)::[lambda(",cudaLaunchKernel_v7000,4251870.8,4252076.9,1088,206099,4x1x1,128x1x1,7
planner_debate_L_it1,7,66,critic-b,mir_operator:RMSNormOp,8,kernel,elementwise_binary,"void at::native::elementwise_kernel<(int)128, (int)2, void at::native::gpu_kernel_impl_nocast<at::native::BinaryFunctor<",cudaLaunchKernel_v7000,4251886.5,4252078.6,127580,192186,65536x1x1,128x1x1,7
planner_debate_L_it1,7,67,critic-b,mir_operator:RMSNormOp,8,kernel,copy,"void at::native::vectorized_elementwise_kernel<(int)8, at::native::float16_copy_kernel_cuda(at::TensorIteratorBase &)::[",cudaLaunchKernel_v7000,4251904.4,4252207.3,91166,302916,16384x1x1,128x1x1,7
planner_debate_L_it1,7,68,critic-b,mir_operator:LinearOp,10,memset,memset,memset,cudaMemsetAsync_v3020,4252408.2,4252424.7,864,16451,0x0x0,0x0x0,7
planner_debate_L_it1,7,69,critic-b,mir_operator:LinearOp,10,kernel,gemm,ampere_fp16_s1688gemm_fp16_128x128_ldg8_f2f_stages_32x1_nn,cudaLaunchKernel_v7000,4252439.5,4252449.8,851624,10288,32x32x3,128x1x1,7
planner_debate_L_it1,7,70,critic-b,mir_operator:LinearOp,11,memset,memset,memset,cudaMemsetAsync_v3020,4253374.9,4253381.7,864,6850,0x0x0,0x0x0,7
planner_debate_L_it1,7,71,critic-b,mir_operator:LinearOp,11,kernel,gemm,ampere_fp16_s1688gemm_fp16_128x128_ldg8_f2f_stages_32x1_nn,cudaLaunchKernel_v7000,4253385.8,4253394.0,851688,8234,32x32x3,128x1x1,7
planner_debate_L_it1,7,72,critic-b,mir_operator:LinearOp,12,memset,memset,memset,cudaMemsetAsync_v3020,4254318.0,4254323.7,864,5721,0x0x0,0x0x0,7
planner_debate_L_it1,7,73,critic-b,mir_operator:LinearOp,12,kernel,gemm,ampere_fp16_s1688gemm_fp16_128x128_ldg8_f2f_stages_32x1_nn,cudaLaunchKernel_v7000,4254327.5,4254335.3,850791,7872,32x32x3,128x1x1,7
planner_debate_L_it1,7,74,critic-b,mir_operator:TransposeOp,14,kernel,copy,"void at::native::elementwise_kernel<(int)128, (int)4, void at::native::gpu_kernel_impl_nocast<at::native::direct_copy_ke",cudaLaunchKernel_v7000,4255349.6,4255359.5,226618,9943,32768x1x1,128x1x1,7
planner_debate_L_it1,7,75,critic-b,d2h_stage,,memcpy,memcpy,memcpy_Device-to-Host,cudaMemcpyAsync_v3020,4255651.4,4255670.6,1462167,19237,0x0x0,0x0x0,7
planner_debate_L_it1,7,76,critic-merge,h2d_stage,,memcpy,memcpy,memcpy_Host-to-Device,cudaMemcpyAsync_v3020,4371612.1,4371637.1,1422871,24973,0x0x0,0x0x0,7
planner_debate_L_it1,7,77,critic-merge,weight_init,,kernel,rng_init,"void at::native::<unnamed>::distribution_elementwise_grid_stride_kernel<float, (int)4, void at::native::templates::cuda:",cudaLaunchKernel_v7000,4373157.9,4373254.2,35967,96223,768x1x1,256x1x1,7
planner_debate_L_it1,7,78,critic-merge,weight_init,,kernel,elementwise_binary,"void at::native::vectorized_elementwise_kernel<(int)8, at::native::BUnaryFunctor<c10::Half, c10::Half, c10::Half, at::na",cudaLaunchKernel_v7000,4373231.2,4373290.8,20095,59660,16384x1x1,128x1x1,7
planner_debate_L_it1,7,79,critic-merge,mir_operator:RMSNormOp,6,kernel,copy,void at::native::unrolled_elementwise_kernel<at::native::direct_copy_kernel_cuda(at::TensorIteratorBase &)::[lambda() (i,cudaLaunchKernel_v7000,4373356.6,4373366.3,114652,9659,16384x1x1,128x1x1,7
planner_debate_L_it1,7,80,critic-merge,mir_operator:RMSNormOp,6,kernel,elementwise_unary,"void at::native::vectorized_elementwise_kernel<(int)4, void at::native::<unnamed>::pow_tensor_scalar_kernel_impl<float, ",cudaLaunchKernel_v7000,4373384.7,4373481.6,145052,96949,16384x1x1,128x1x1,7
planner_debate_L_it1,7,81,critic-merge,mir_operator:RMSNormOp,6,kernel,reduce,"void at::native::reduce_kernel<(int)512, (int)1, at::native::ReduceOp<float, at::native::MeanOps<float, float, float, fl",cudaLaunchKernel_v7000,4373412.5,4373627.4,36703,214942,256x1x1,32x16x1,7
planner_debate_L_it1,7,82,critic-merge,mir_operator:RMSNormOp,6,kernel,elementwise_binary,"void at::native::vectorized_elementwise_kernel<(int)4, at::native::CUDAFunctorOnSelf_add<float>, std::array<char *, (uns",cudaLaunchKernel_v7000,4373436.9,4373664.8,1280,227869,4x1x1,128x1x1,7
planner_debate_L_it1,7,83,critic-merge,mir_operator:RMSNormOp,6,kernel,elementwise_unary,"void at::native::vectorized_elementwise_kernel<(int)4, at::native::rsqrt_kernel_cuda(at::TensorIteratorBase &)::[lambda(",cudaLaunchKernel_v7000,4373456.8,4373666.8,1120,209990,4x1x1,128x1x1,7
planner_debate_L_it1,7,84,critic-merge,mir_operator:RMSNormOp,6,kernel,elementwise_binary,"void at::native::elementwise_kernel<(int)128, (int)2, void at::native::gpu_kernel_impl_nocast<at::native::BinaryFunctor<",cudaLaunchKernel_v7000,4373479.9,4373668.6,127804,188694,65536x1x1,128x1x1,7
planner_debate_L_it1,7,85,critic-merge,mir_operator:RMSNormOp,6,kernel,copy,"void at::native::vectorized_elementwise_kernel<(int)8, at::native::float16_copy_kernel_cuda(at::TensorIteratorBase &)::[",cudaLaunchKernel_v7000,4373501.9,4373797.1,91902,295199,16384x1x1,128x1x1,7
planner_debate_L_it1,7,86,critic-merge,mir_operator:AddOp,7,kernel,elementwise_binary,"void at::native::vectorized_elementwise_kernel<(int)8, at::native::CUDAFunctorOnSelf_add<c10::Half>, std::array<char *, ",cudaLaunchKernel_v7000,4373963.1,4373973.7,27295,10619,16384x1x1,128x1x1,7
planner_debate_L_it1,7,87,critic-merge,mir_operator:RMSNormOp,8,kernel,copy,void at::native::unrolled_elementwise_kernel<at::native::direct_copy_kernel_cuda(at::TensorIteratorBase &)::[lambda() (i,cudaLaunchKernel_v7000,4374075.9,4374083.9,88318,7932,16384x1x1,128x1x1,7
planner_debate_L_it1,7,88,critic-merge,mir_operator:RMSNormOp,8,kernel,elementwise_unary,"void at::native::vectorized_elementwise_kernel<(int)4, void at::native::<unnamed>::pow_tensor_scalar_kernel_impl<float, ",cudaLaunchKernel_v7000,4374096.9,4374172.9,145403,76019,16384x1x1,128x1x1,7
planner_debate_L_it1,7,89,critic-merge,mir_operator:RMSNormOp,8,kernel,reduce,"void at::native::reduce_kernel<(int)512, (int)1, at::native::ReduceOp<float, at::native::MeanOps<float, float, float, fl",cudaLaunchKernel_v7000,4374116.0,4374319.0,36575,203024,256x1x1,32x16x1,7
planner_debate_L_it1,7,90,critic-merge,mir_operator:RMSNormOp,8,kernel,elementwise_binary,"void at::native::vectorized_elementwise_kernel<(int)4, at::native::CUDAFunctorOnSelf_add<float>, std::array<char *, (uns",cudaLaunchKernel_v7000,4374130.8,4374356.3,1248,225544,4x1x1,128x1x1,7
planner_debate_L_it1,7,91,critic-merge,mir_operator:RMSNormOp,8,kernel,elementwise_unary,"void at::native::vectorized_elementwise_kernel<(int)4, at::native::rsqrt_kernel_cuda(at::TensorIteratorBase &)::[lambda(",cudaLaunchKernel_v7000,4374145.2,4374358.3,1088,213164,4x1x1,128x1x1,7
planner_debate_L_it1,7,92,critic-merge,mir_operator:RMSNormOp,8,kernel,elementwise_binary,"void at::native::elementwise_kernel<(int)128, (int)2, void at::native::gpu_kernel_impl_nocast<at::native::BinaryFunctor<",cudaLaunchKernel_v7000,4374160.3,4374360.1,127965,199747,65536x1x1,128x1x1,7
planner_debate_L_it1,7,93,critic-merge,mir_operator:RMSNormOp,8,kernel,copy,"void at::native::vectorized_elementwise_kernel<(int)8, at::native::float16_copy_kernel_cuda(at::TensorIteratorBase &)::[",cudaLaunchKernel_v7000,4374177.8,4374488.6,91453,310789,16384x1x1,128x1x1,7
planner_debate_L_it1,7,94,critic-merge,mir_operator:LinearOp,10,memset,memset,memset,cudaMemsetAsync_v3020,4374686.6,4374701.9,864,15252,0x0x0,0x0x0,7
planner_debate_L_it1,7,95,critic-merge,mir_operator:LinearOp,10,kernel,gemm,ampere_fp16_s1688gemm_fp16_128x128_ldg8_f2f_stages_32x1_nn,cudaLaunchKernel_v7000,4374713.4,4374722.3,852552,8952,32x32x3,128x1x1,7
planner_debate_L_it1,7,96,critic-merge,mir_operator:LinearOp,11,memset,memset,memset,cudaMemsetAsync_v3020,4375646.2,4375652.7,864,6462,0x0x0,0x0x0,7
planner_debate_L_it1,7,97,critic-merge,mir_operator:LinearOp,11,kernel,gemm,ampere_fp16_s1688gemm_fp16_128x128_ldg8_f2f_stages_32x1_nn,cudaLaunchKernel_v7000,4375656.7,4375663.8,851496,7075,32x32x3,128x1x1,7
planner_debate_L_it1,7,98,critic-merge,mir_operator:LinearOp,12,memset,memset,memset,cudaMemsetAsync_v3020,4376597.5,4376603.7,864,6244,0x0x0,0x0x0,7
planner_debate_L_it1,7,99,critic-merge,mir_operator:LinearOp,12,kernel,gemm,ampere_fp16_s1688gemm_fp16_128x128_ldg8_f2f_stages_32x1_nn,cudaLaunchKernel_v7000,4376607.3,4376615.1,851144,7716,32x32x3,128x1x1,7
planner_debate_L_it1,7,100,critic-merge,mir_operator:TransposeOp,14,kernel,copy,"void at::native::elementwise_kernel<(int)128, (int)4, void at::native::gpu_kernel_impl_nocast<at::native::direct_copy_ke",cudaLaunchKernel_v7000,4377634.2,4377644.4,226169,10248,32768x1x1,128x1x1,7
planner_debate_L_it1,7,101,critic-merge,d2h_stage,,memcpy,memcpy,memcpy_Device-to-Host,cudaMemcpyAsync_v3020,4377945.5,4377964.8,1500982,19300,0x0x0,0x0x0,7
planner_debate_L_it1,7,102,planner-final,h2d_stage,,memcpy,memcpy,memcpy_Host-to-Device,cudaMemcpyAsync_v3020,4465997.2,4466031.9,1094529,34664,0x0x0,0x0x0,7
planner_debate_L_it1,7,103,planner-final,weight_init,,kernel,rng_init,"void at::native::<unnamed>::distribution_elementwise_grid_stride_kernel<float, (int)4, void at::native::templates::cuda:",cudaLaunchKernel_v7000,4467237.3,4467338.6,28063,101221,768x1x1,256x1x1,7
planner_debate_L_it1,7,104,planner-final,weight_init,,kernel,elementwise_binary,"void at::native::vectorized_elementwise_kernel<(int)8, at::native::BUnaryFunctor<c10::Half, c10::Half, c10::Half, at::na",cudaLaunchKernel_v7000,4467318.1,4467367.3,14912,49203,12544x1x1,128x1x1,7
planner_debate_L_it1,7,105,planner-final,mir_operator:RMSNormOp,6,kernel,copy,void at::native::unrolled_elementwise_kernel<at::native::direct_copy_kernel_cuda(at::TensorIteratorBase &)::[lambda() (i,cudaLaunchKernel_v7000,4467421.1,4467430.7,84862,9663,12544x1x1,128x1x1,7
planner_debate_L_it1,7,106,planner-final,mir_operator:RMSNormOp,6,kernel,elementwise_unary,"void at::native::vectorized_elementwise_kernel<(int)4, void at::native::<unnamed>::pow_tensor_scalar_kernel_impl<float, ",cudaLaunchKernel_v7000,4467448.5,4467516.3,71326,67767,12544x1x1,128x1x1,7
planner_debate_L_it1,7,107,planner-final,mir_operator:RMSNormOp,6,kernel,reduce,"void at::native::reduce_kernel<(int)512, (int)1, at::native::ReduceOp<float, at::native::MeanOps<float, float, float, fl",cudaLaunchKernel_v7000,4467474.8,4467588.4,20927,113624,224x1x1,32x16x1,7
planner_debate_L_it1,7,108,planner-final,mir_operator:RMSNormOp,6,kernel,elementwise_binary,"void at::native::vectorized_elementwise_kernel<(int)4, at::native::CUDAFunctorOnSelf_add<float>, std::array<char *, (uns",cudaLaunchKernel_v7000,4467499.3,4467610.0,1312,110691,4x1x1,128x1x1,7
planner_debate_L_it1,7,109,planner-final,mir_operator:RMSNormOp,6,kernel,elementwise_unary,"void at::native::vectorized_elementwise_kernel<(int)4, at::native::rsqrt_kernel_cuda(at::TensorIteratorBase &)::[lambda(",cudaLaunchKernel_v7000,4467518.7,4467612.0,1120,93315,4x1x1,128x1x1,7
planner_debate_L_it1,7,110,planner-final,mir_operator:RMSNormOp,6,kernel,elementwise_binary,"void at::native::elementwise_kernel<(int)128, (int)2, void at::native::gpu_kernel_impl_nocast<at::native::BinaryFunctor<",cudaLaunchKernel_v7000,4467542.0,4467613.8,87262,71784,50176x1x1,128x1x1,7
planner_debate_L_it1,7,111,planner-final,mir_operator:RMSNormOp,6,kernel,copy,"void at::native::vectorized_elementwise_kernel<(int)8, at::native::float16_copy_kernel_cuda(at::TensorIteratorBase &)::[",cudaLaunchKernel_v7000,4467562.9,4467701.7,54942,138868,12544x1x1,128x1x1,7
planner_debate_L_it1,7,112,planner-final,mir_operator:AddOp,7,kernel,elementwise_binary,"void at::native::vectorized_elementwise_kernel<(int)8, at::native::CUDAFunctorOnSelf_add<c10::Half>, std::array<char *, ",cudaLaunchKernel_v7000,4467825.6,4467832.6,14752,6988,12544x1x1,128x1x1,7
planner_debate_L_it1,7,113,planner-final,mir_operator:RMSNormOp,8,kernel,copy,void at::native::unrolled_elementwise_kernel<at::native::direct_copy_kernel_cuda(at::TensorIteratorBase &)::[lambda() (i,cudaLaunchKernel_v7000,4467906.3,4467913.6,50270,7343,12544x1x1,128x1x1,7
planner_debate_L_it1,7,114,planner-final,mir_operator:RMSNormOp,8,kernel,elementwise_unary,"void at::native::vectorized_elementwise_kernel<(int)4, void at::native::<unnamed>::pow_tensor_scalar_kernel_impl<float, ",cudaLaunchKernel_v7000,4467930.3,4467964.6,72478,34326,12544x1x1,128x1x1,7
planner_debate_L_it1,7,115,planner-final,mir_operator:RMSNormOp,8,kernel,reduce,"void at::native::reduce_kernel<(int)512, (int)1, at::native::ReduceOp<float, at::native::MeanOps<float, float, float, fl",cudaLaunchKernel_v7000,4467947.6,4468037.8,22303,90183,224x1x1,32x16x1,7
planner_debate_L_it1,7,116,planner-final,mir_operator:RMSNormOp,8,kernel,elementwise_binary,"void at::native::vectorized_elementwise_kernel<(int)4, at::native::CUDAFunctorOnSelf_add<float>, std::array<char *, (uns",cudaLaunchKernel_v7000,4467962.3,4468060.8,1184,98523,4x1x1,128x1x1,7
planner_debate_L_it1,7,117,planner-final,mir_operator:RMSNormOp,8,kernel,elementwise_unary,"void at::native::vectorized_elementwise_kernel<(int)4, at::native::rsqrt_kernel_cuda(at::TensorIteratorBase &)::[lambda(",cudaLaunchKernel_v7000,4467975.6,4468062.7,1088,87081,4x1x1,128x1x1,7
planner_debate_L_it1,7,118,planner-final,mir_operator:RMSNormOp,8,kernel,elementwise_binary,"void at::native::elementwise_kernel<(int)128, (int)2, void at::native::gpu_kernel_impl_nocast<at::native::BinaryFunctor<",cudaLaunchKernel_v7000,4467990.5,4468064.5,87422,73971,50176x1x1,128x1x1,7
planner_debate_L_it1,7,119,planner-final,mir_operator:RMSNormOp,8,kernel,copy,"void at::native::vectorized_elementwise_kernel<(int)8, at::native::float16_copy_kernel_cuda(at::TensorIteratorBase &)::[",cudaLaunchKernel_v7000,4468006.1,4468152.5,54654,146442,12544x1x1,128x1x1,7
planner_debate_L_it1,7,120,planner-final,mir_operator:LinearOp,10,kernel,gemm,void cutlass::Kernel2<cutlass_80_tensorop_f16_s16816gemm_relu_f16_64x64_32x6_nn_align8>(T1::Params),cuLaunchKernel,4468337.6,4468347.8,636398,10208,448x7x1,128x1x1,7
planner_debate_L_it1,7,121,planner-final,mir_operator:LinearOp,11,kernel,gemm,void cutlass::Kernel2<cutlass_80_tensorop_f16_s16816gemm_relu_f16_64x64_32x6_nn_align8>(T1::Params),cuLaunchKernel,4469070.0,4469078.1,633038,8085,448x7x1,128x1x1,7
planner_debate_L_it1,7,122,planner-final,mir_operator:LinearOp,12,kernel,gemm,void cutlass::Kernel2<cutlass_80_tensorop_f16_s16816gemm_relu_f16_64x64_32x6_nn_align8>(T1::Params),cuLaunchKernel,4469773.8,4469780.5,635886,6718,448x7x1,128x1x1,7
planner_debate_L_it1,7,123,planner-final,mir_operator:TransposeOp,14,kernel,copy,"void at::native::elementwise_kernel<(int)128, (int)4, void at::native::gpu_kernel_impl_nocast<at::native::direct_copy_ke",cudaLaunchKernel_v7000,4470602.2,4470711.8,177179,109612,25088x1x1,128x1x1,7
planner_debate_L_it1,7,124,planner-final,d2h_stage,,memcpy,memcpy,memcpy_Device-to-Host,cudaMemcpyAsync_v3020,4470951.5,4470965.9,1116672,14356,0x0x0,0x0x0,7
