lineage,workload,iteration,launch_order,call_id,process,op_index,kind,family,gpu_ns,launch_latency_ns,gpu_start_rel_us
base,react_tool,7,1,plan,h2d_stage,,memcpy,memcpy,81040,15271,144088.6
base,react_tool,7,2,plan,weight_init,,kernel,rng_init,3552,82571,144332.8
base,react_tool,7,3,plan,weight_init,,kernel,elementwise_binary,1471,37949,144337.0
base,react_tool,7,4,plan,mir_operator:RMSNormOp,6,kernel,copy,3583,9280,144408.2
base,react_tool,7,5,plan,mir_operator:RMSNormOp,6,kernel,elementwise_unary,2111,8468,144432.6
base,react_tool,7,6,plan,mir_operator:RMSNormOp,6,kernel,reduce,3135,8421,144458.0
base,react_tool,7,7,plan,mir_operator:RMSNormOp,6,kernel,elementwise_binary,1183,7758,144479.1
base,react_tool,7,8,plan,mir_operator:RMSNormOp,6,kernel,elementwise_unary,1215,8279,144499.4
base,react_tool,7,9,plan,mir_operator:RMSNormOp,6,kernel,elementwise_binary,2944,7740,144520.4
base,react_tool,7,10,plan,mir_operator:RMSNormOp,6,kernel,copy,1728,7121,144542.3
base,react_tool,7,11,plan,mir_operator:AddOp,7,kernel,elementwise_binary,1440,9246,144664.3
base,react_tool,7,12,plan,mir_operator:RMSNormOp,8,kernel,copy,3199,10159,144767.7
base,react_tool,7,13,plan,mir_operator:RMSNormOp,8,kernel,elementwise_unary,2112,21512,144801.9
base,react_tool,7,14,plan,mir_operator:RMSNormOp,8,kernel,reduce,2880,7897,144826.4
base,react_tool,7,15,plan,mir_operator:RMSNormOp,8,kernel,elementwise_binary,1120,8592,144846.8
base,react_tool,7,16,plan,mir_operator:RMSNormOp,8,kernel,elementwise_unary,1183,7210,144864.1
base,react_tool,7,17,plan,mir_operator:RMSNormOp,8,kernel,elementwise_binary,2943,7610,144883.8
base,react_tool,7,18,plan,mir_operator:RMSNormOp,8,kernel,copy,1727,6933,144904.3
base,react_tool,7,19,plan,mir_operator:LinearOp,10,memset,memset,416,13267,145060.8
base,react_tool,7,20,plan,mir_operator:LinearOp,10,kernel,gemm,12414,9746,145069.4
base,react_tool,7,21,plan,mir_operator:LinearOp,11,memset,memset,416,7878,145190.8
base,react_tool,7,22,plan,mir_operator:LinearOp,11,kernel,gemm,12317,9046,145199.1
base,react_tool,7,23,plan,mir_operator:LinearOp,12,memset,memset,416,6941,145310.1
base,react_tool,7,24,plan,mir_operator:LinearOp,12,kernel,gemm,12382,9614,145318.8
base,react_tool,7,25,plan,mir_operator:TransposeOp,14,kernel,copy,9342,12488,145538.9
base,react_tool,7,26,plan,d2h_stage,,memcpy,memcpy,90510,13882,145653.9
base,react_tool,7,27,answer,h2d_stage,,memcpy,memcpy,82448,15451,154069.1
base,react_tool,7,28,answer,weight_init,,kernel,rng_init,3583,18202,154249.3
base,react_tool,7,29,answer,weight_init,,kernel,elementwise_binary,1439,8510,154290.3
base,react_tool,7,30,answer,mir_operator:RMSNormOp,6,kernel,copy,3488,8994,154377.8
base,react_tool,7,31,answer,mir_operator:RMSNormOp,6,kernel,elementwise_unary,2111,7400,154401.1
base,react_tool,7,32,answer,mir_operator:RMSNormOp,6,kernel,reduce,3103,7983,154426.7
base,react_tool,7,33,answer,mir_operator:RMSNormOp,6,kernel,elementwise_binary,1151,7421,154447.5
base,react_tool,7,34,answer,mir_operator:RMSNormOp,6,kernel,elementwise_unary,1184,7081,154466.8
base,react_tool,7,35,answer,mir_operator:RMSNormOp,6,kernel,elementwise_binary,2943,7177,154487.7
base,react_tool,7,36,answer,mir_operator:RMSNormOp,6,kernel,copy,1728,7192,154510.0
base,react_tool,7,37,answer,mir_operator:AddOp,7,kernel,elementwise_binary,1440,9480,154632.4
base,react_tool,7,38,answer,mir_operator:RMSNormOp,8,kernel,copy,3455,9103,154737.1
base,react_tool,7,39,answer,mir_operator:RMSNormOp,8,kernel,elementwise_unary,2080,7378,154759.0
base,react_tool,7,40,answer,mir_operator:RMSNormOp,8,kernel,reduce,2975,7702,154781.7
base,react_tool,7,41,answer,mir_operator:RMSNormOp,8,kernel,elementwise_binary,1152,7537,154814.0
base,react_tool,7,42,answer,mir_operator:RMSNormOp,8,kernel,elementwise_unary,1215,7065,154833.5
base,react_tool,7,43,answer,mir_operator:RMSNormOp,8,kernel,elementwise_binary,2911,7234,154853.0
base,react_tool,7,44,answer,mir_operator:RMSNormOp,8,kernel,copy,1760,7437,154875.2
base,react_tool,7,45,answer,mir_operator:LinearOp,10,memset,memset,416,12138,155032.4
base,react_tool,7,46,answer,mir_operator:LinearOp,10,kernel,gemm,12349,9762,155041.6
base,react_tool,7,47,answer,mir_operator:LinearOp,11,memset,memset,448,7323,155161.7
base,react_tool,7,48,answer,mir_operator:LinearOp,11,kernel,gemm,12222,9117,155170.1
base,react_tool,7,49,answer,mir_operator:LinearOp,12,memset,memset,448,7469,155292.8
base,react_tool,7,50,answer,mir_operator:LinearOp,12,kernel,gemm,12254,9820,155301.8
base,react_tool,7,51,answer,mir_operator:TransposeOp,14,kernel,copy,9375,11891,155508.4
base,react_tool,7,52,answer,d2h_stage,,memcpy,memcpy,90222,13991,155622.1
base,planner_debate,12,1,planner-seed,h2d_stage,,memcpy,memcpy,117515,16489,815707.2
base,planner_debate,12,2,planner-seed,weight_init,,kernel,rng_init,4991,20126,815935.8
base,planner_debate,12,3,planner-seed,weight_init,,kernel,elementwise_binary,1792,9771,815983.3
base,planner_debate,12,4,planner-seed,mir_operator:RMSNormOp,6,kernel,copy,3968,10200,816081.0
base,planner_debate,12,5,planner-seed,mir_operator:RMSNormOp,6,kernel,elementwise_unary,2559,7665,816108.1
base,planner_debate,12,6,planner-seed,mir_operator:RMSNormOp,6,kernel,reduce,3263,8872,816136.3
base,planner_debate,12,7,planner-seed,mir_operator:RMSNormOp,6,kernel,elementwise_binary,1152,7344,816157.8
base,planner_debate,12,8,planner-seed,mir_operator:RMSNormOp,6,kernel,elementwise_unary,1216,7413,816178.1
base,planner_debate,12,9,planner-seed,mir_operator:RMSNormOp,6,kernel,elementwise_binary,3391,7617,816201.8
base,planner_debate,12,10,planner-seed,mir_operator:RMSNormOp,6,kernel,copy,1983,7841,816226.8
base,planner_debate,12,11,planner-seed,mir_operator:AddOp,7,kernel,elementwise_binary,1696,12260,816397.3
base,planner_debate,12,12,planner-seed,mir_operator:RMSNormOp,8,kernel,copy,4032,11733,816547.9
base,planner_debate,12,13,planner-seed,mir_operator:RMSNormOp,8,kernel,elementwise_unary,2560,7809,816572.3
base,planner_debate,12,14,planner-seed,mir_operator:RMSNormOp,8,kernel,reduce,3200,8335,816598.9
base,planner_debate,12,15,planner-seed,mir_operator:RMSNormOp,8,kernel,elementwise_binary,1184,7442,816619.3
base,planner_debate,12,16,planner-seed,mir_operator:RMSNormOp,8,kernel,elementwise_unary,1216,7146,816638.5
base,planner_debate,12,17,planner-seed,mir_operator:RMSNormOp,8,kernel,elementwise_binary,3392,8210,816660.7
base,planner_debate,12,18,planner-seed,mir_operator:RMSNormOp,8,kernel,copy,1984,7571,816683.8
base,planner_debate,12,19,planner-seed,mir_operator:LinearOp,10,kernel,gemm,14590,12328,816848.1
base,planner_debate,12,20,planner-seed,mir_operator:LinearOp,11,kernel,gemm,14589,10207,816979.9
base,planner_debate,12,21,planner-seed,mir_operator:LinearOp,12,kernel,gemm,14526,9861,817089.5
base,planner_debate,12,22,planner-seed,mir_operator:TransposeOp,14,kernel,copy,12062,13241,817322.8
base,planner_debate,12,23,planner-seed,d2h_stage,,memcpy,memcpy,123594,15662,817467.2
base,planner_debate,12,24,critic-a,h2d_stage,,memcpy,memcpy,148549,15909,828443.6
base,planner_debate,12,25,critic-a,weight_init,,kernel,rng_init,5055,83488,828761.2
base,planner_debate,12,26,critic-a,weight_init,,kernel,elementwise_binary,2016,35096,828767.0
base,planner_debate,12,27,critic-a,mir_operator:RMSNormOp,6,kernel,copy,4415,9376,828837.4
base,planner_debate,12,28,critic-a,mir_operator:RMSNormOp,6,kernel,elementwise_unary,3136,7421,828860.8
base,planner_debate,12,29,critic-a,mir_operator:RMSNormOp,6,kernel,reduce,3552,8901,828888.4
base,planner_debate,12,30,critic-a,mir_operator:RMSNormOp,6,kernel,elementwise_binary,1056,7477,828909.6
base,planner_debate,12,31,critic-a,mir_operator:RMSNormOp,6,kernel,elementwise_unary,1120,6937,828929.3
base,planner_debate,12,32,critic-a,mir_operator:RMSNormOp,6,kernel,elementwise_binary,3968,7230,828951.5
base,planner_debate,12,33,critic-a,mir_operator:RMSNormOp,6,kernel,copy,2304,7487,828975.1
base,planner_debate,12,34,critic-a,mir_operator:AddOp,7,kernel,elementwise_binary,2048,9148,829104.1
base,planner_debate,12,35,critic-a,mir_operator:RMSNormOp,8,kernel,copy,4575,9890,829214.1
base,planner_debate,12,36,critic-a,mir_operator:RMSNormOp,8,kernel,elementwise_unary,3103,7408,829236.9
base,planner_debate,12,37,critic-a,mir_operator:RMSNormOp,8,kernel,reduce,3200,8778,829260.6
base,planner_debate,12,38,critic-a,mir_operator:RMSNormOp,8,kernel,elementwise_binary,1056,6935,829278.1
base,planner_debate,12,39,critic-a,mir_operator:RMSNormOp,8,kernel,elementwise_unary,1056,7548,829316.4
base,planner_debate,12,40,critic-a,mir_operator:RMSNormOp,8,kernel,elementwise_binary,3936,8485,829338.6
base,planner_debate,12,41,critic-a,mir_operator:RMSNormOp,8,kernel,copy,2271,7324,829360.7
base,planner_debate,12,42,critic-a,mir_operator:LinearOp,10,kernel,gemm,19900,12640,829521.9
base,planner_debate,12,43,critic-a,mir_operator:LinearOp,11,kernel,gemm,19645,9371,829638.7
base,planner_debate,12,44,critic-a,mir_operator:LinearOp,12,kernel,gemm,19645,8992,829743.5
base,planner_debate,12,45,critic-a,mir_operator:TransposeOp,14,kernel,copy,12766,11702,829954.2
base,planner_debate,12,46,critic-a,d2h_stage,,memcpy,memcpy,162019,15390,830071.6
base,planner_debate,12,47,critic-b,h2d_stage,,memcpy,memcpy,152837,15954,841429.2
base,planner_debate,12,48,critic-b,weight_init,,kernel,rng_init,5087,19147,841686.8
base,planner_debate,12,49,critic-b,weight_init,,kernel,elementwise_binary,2080,9524,841731.5
base,planner_debate,12,50,critic-b,mir_operator:RMSNormOp,6,kernel,copy,4288,9546,841826.0
base,planner_debate,12,51,critic-b,mir_operator:RMSNormOp,6,kernel,elementwise_unary,3136,7816,841849.9
base,planner_debate,12,52,critic-b,mir_operator:RMSNormOp,6,kernel,reduce,3487,8752,841878.0
base,planner_debate,12,53,critic-b,mir_operator:RMSNormOp,6,kernel,elementwise_binary,1056,7632,841899.1
base,planner_debate,12,54,critic-b,mir_operator:RMSNormOp,6,kernel,elementwise_unary,1056,7276,841918.9
base,planner_debate,12,55,critic-b,mir_operator:RMSNormOp,6,kernel,elementwise_binary,3967,7632,841941.8
base,planner_debate,12,56,critic-b,mir_operator:RMSNormOp,6,kernel,copy,2272,7843,841965.9
base,planner_debate,12,57,critic-b,mir_operator:AddOp,7,kernel,elementwise_binary,2112,9846,842108.3
base,planner_debate,12,58,critic-b,mir_operator:RMSNormOp,8,kernel,copy,4383,13310,842261.3
base,planner_debate,12,59,critic-b,mir_operator:RMSNormOp,8,kernel,elementwise_unary,3135,22545,842301.0
base,planner_debate,12,60,critic-b,mir_operator:RMSNormOp,8,kernel,reduce,3359,9458,842330.6
base,planner_debate,12,61,critic-b,mir_operator:RMSNormOp,8,kernel,elementwise_binary,1024,7557,842352.2
base,planner_debate,12,62,critic-b,mir_operator:RMSNormOp,8,kernel,elementwise_unary,1088,7063,842372.7
base,planner_debate,12,63,critic-b,mir_operator:RMSNormOp,8,kernel,elementwise_binary,3967,7643,842395.2
base,planner_debate,12,64,critic-b,mir_operator:RMSNormOp,8,kernel,copy,2239,7549,842419.5
base,planner_debate,12,65,critic-b,mir_operator:LinearOp,10,kernel,gemm,19644,18995,842621.4
base,planner_debate,12,66,critic-b,mir_operator:LinearOp,11,kernel,gemm,19836,12527,842779.3
base,planner_debate,12,67,critic-b,mir_operator:LinearOp,12,kernel,gemm,19804,11730,842919.8
base,planner_debate,12,68,critic-b,mir_operator:TransposeOp,14,kernel,copy,12222,11781,843139.6
base,planner_debate,12,69,critic-b,d2h_stage,,memcpy,memcpy,162083,15058,843258.5
base,planner_debate,12,70,critic-merge,h2d_stage,,memcpy,memcpy,149989,15940,855937.2
base,planner_debate,12,71,critic-merge,weight_init,,kernel,rng_init,5055,19791,856194.3
base,planner_debate,12,72,critic-merge,weight_init,,kernel,elementwise_binary,2016,9002,856241.8
base,planner_debate,12,73,critic-merge,mir_operator:RMSNormOp,6,kernel,copy,4415,10590,856364.6
base,planner_debate,12,74,critic-merge,mir_operator:RMSNormOp,6,kernel,elementwise_unary,3168,7665,856389.1
base,planner_debate,12,75,critic-merge,mir_operator:RMSNormOp,6,kernel,reduce,3488,9234,856417.5
base,planner_debate,12,76,critic-merge,mir_operator:RMSNormOp,6,kernel,elementwise_binary,1056,7445,856439.5
base,planner_debate,12,77,critic-merge,mir_operator:RMSNormOp,6,kernel,elementwise_unary,1087,7592,856460.2
base,planner_debate,12,78,critic-merge,mir_operator:RMSNormOp,6,kernel,elementwise_binary,3936,8268,856484.1
base,planner_debate,12,79,critic-merge,mir_operator:RMSNormOp,6,kernel,copy,2240,7516,856508.2
base,planner_debate,12,80,critic-merge,mir_operator:AddOp,7,kernel,elementwise_binary,1984,9168,856642.6
base,planner_debate,12,81,critic-merge,mir_operator:RMSNormOp,8,kernel,copy,4287,9385,856753.0
base,planner_debate,12,82,critic-merge,mir_operator:RMSNormOp,8,kernel,elementwise_unary,3136,9621,856782.2
base,planner_debate,12,83,critic-merge,mir_operator:RMSNormOp,8,kernel,reduce,3327,11307,856818.4
base,planner_debate,12,84,critic-merge,mir_operator:RMSNormOp,8,kernel,elementwise_binary,1056,9716,856844.4
base,planner_debate,12,85,critic-merge,mir_operator:RMSNormOp,8,kernel,elementwise_unary,1088,7899,856869.8
base,planner_debate,12,86,critic-merge,mir_operator:RMSNormOp,8,kernel,elementwise_binary,3935,8546,856892.6
base,planner_debate,12,87,critic-merge,mir_operator:RMSNormOp,8,kernel,copy,2240,7414,856916.5
base,planner_debate,12,88,critic-merge,mir_operator:LinearOp,10,kernel,gemm,19773,12737,857092.1
base,planner_debate,12,89,critic-merge,mir_operator:LinearOp,11,kernel,gemm,19644,10636,857223.4
base,planner_debate,12,90,critic-merge,mir_operator:LinearOp,12,kernel,gemm,19805,9905,857357.6
base,planner_debate,12,91,critic-merge,mir_operator:TransposeOp,14,kernel,copy,12733,11994,857574.3
base,planner_debate,12,92,critic-merge,d2h_stage,,memcpy,memcpy,162019,15212,857708.2
base,planner_debate,12,93,planner-final,h2d_stage,,memcpy,memcpy,117643,32576,866856.8
base,planner_debate,12,94,planner-final,weight_init,,kernel,rng_init,4991,28676,867114.5
base,planner_debate,12,95,planner-final,weight_init,,kernel,elementwise_binary,1791,9113,867170.0
base,planner_debate,12,96,planner-final,mir_operator:RMSNormOp,6,kernel,copy,3999,28574,867308.2
base,planner_debate,12,97,planner-final,mir_operator:RMSNormOp,6,kernel,elementwise_unary,2591,9539,867342.8
base,planner_debate,12,98,planner-final,mir_operator:RMSNormOp,6,kernel,reduce,3295,10237,867375.9
base,planner_debate,12,99,planner-final,mir_operator:RMSNormOp,6,kernel,elementwise_binary,1184,9142,867406.8
base,planner_debate,12,100,planner-final,mir_operator:RMSNormOp,6,kernel,elementwise_unary,1248,8229,867431.3
base,planner_debate,12,101,planner-final,mir_operator:RMSNormOp,6,kernel,elementwise_binary,3391,9118,867459.8
base,planner_debate,12,102,planner-final,mir_operator:RMSNormOp,6,kernel,copy,2016,8413,867487.7
base,planner_debate,12,103,planner-final,mir_operator:AddOp,7,kernel,elementwise_binary,1695,10277,867636.6
base,planner_debate,12,104,planner-final,mir_operator:RMSNormOp,8,kernel,copy,4032,11554,867766.7
base,planner_debate,12,105,planner-final,mir_operator:RMSNormOp,8,kernel,elementwise_unary,2559,8013,867793.4
base,planner_debate,12,106,planner-final,mir_operator:RMSNormOp,8,kernel,reduce,3199,9038,867819.4
base,planner_debate,12,107,planner-final,mir_operator:RMSNormOp,8,kernel,elementwise_binary,1152,7478,867839.5
base,planner_debate,12,108,planner-final,mir_operator:RMSNormOp,8,kernel,elementwise_unary,1248,7081,867858.8
base,planner_debate,12,109,planner-final,mir_operator:RMSNormOp,8,kernel,elementwise_binary,3423,8361,867882.1
base,planner_debate,12,110,planner-final,mir_operator:RMSNormOp,8,kernel,copy,1951,7584,867905.1
base,planner_debate,12,111,planner-final,mir_operator:LinearOp,10,kernel,gemm,14621,13163,868095.4
base,planner_debate,12,112,planner-final,mir_operator:LinearOp,11,kernel,gemm,14590,9217,868210.8
base,planner_debate,12,113,planner-final,mir_operator:LinearOp,12,kernel,gemm,14494,9773,868336.1
base,planner_debate,12,114,planner-final,mir_operator:TransposeOp,14,kernel,copy,12094,11674,868563.2
base,planner_debate,12,115,planner-final,d2h_stage,,memcpy,memcpy,123722,17612,868684.5
base,react_moa_mcts,3,1,react-plan,h2d_stage,,memcpy,memcpy,49848,10781,448391.9
base,react_moa_mcts,3,2,react-plan,weight_init,,kernel,rng_init,3583,13632,448519.6
base,react_moa_mcts,3,3,react-plan,weight_init,,kernel,elementwise_binary,1440,6989,448551.0
base,react_moa_mcts,3,4,react-plan,mir_operator:RMSNormOp,6,kernel,copy,3583,8741,448634.7
base,react_moa_mcts,3,5,react-plan,mir_operator:RMSNormOp,6,kernel,elementwise_unary,2111,6535,448655.2
base,react_moa_mcts,3,6,react-plan,mir_operator:RMSNormOp,6,kernel,reduce,3168,6232,448676.5
base,react_moa_mcts,3,7,react-plan,mir_operator:RMSNormOp,6,kernel,elementwise_binary,1151,6087,448693.2
base,react_moa_mcts,3,8,react-plan,mir_operator:RMSNormOp,6,kernel,elementwise_unary,1216,5949,448710.3
base,react_moa_mcts,3,9,react-plan,mir_operator:RMSNormOp,6,kernel,elementwise_binary,2943,6258,448728.8
base,react_moa_mcts,3,10,react-plan,mir_operator:RMSNormOp,6,kernel,copy,1727,6439,448749.2
base,react_moa_mcts,3,11,react-plan,mir_operator:AddOp,7,kernel,elementwise_binary,1440,8362,448862.7
base,react_moa_mcts,3,12,react-plan,mir_operator:RMSNormOp,8,kernel,copy,3487,8677,448972.1
base,react_moa_mcts,3,13,react-plan,mir_operator:RMSNormOp,8,kernel,elementwise_unary,2111,6265,448991.6
base,react_moa_mcts,3,14,react-plan,mir_operator:RMSNormOp,8,kernel,reduce,3007,6040,449011.7
base,react_moa_mcts,3,15,react-plan,mir_operator:RMSNormOp,8,kernel,elementwise_binary,1120,5756,449026.8
base,react_moa_mcts,3,16,react-plan,mir_operator:RMSNormOp,8,kernel,elementwise_unary,1183,5882,449043.1
base,react_moa_mcts,3,17,react-plan,mir_operator:RMSNormOp,8,kernel,elementwise_binary,2911,5961,449060.4
base,react_moa_mcts,3,18,react-plan,mir_operator:RMSNormOp,8,kernel,copy,1727,6187,449079.9
base,react_moa_mcts,3,19,react-plan,mir_operator:LinearOp,10,memset,memset,416,13925,449232.1
base,react_moa_mcts,3,20,react-plan,mir_operator:LinearOp,10,kernel,gemm,12414,8632,449240.1
base,react_moa_mcts,3,21,react-plan,mir_operator:LinearOp,11,memset,memset,448,6931,449366.7
base,react_moa_mcts,3,22,react-plan,mir_operator:LinearOp,11,kernel,gemm,12446,8051,449374.2
base,react_moa_mcts,3,23,react-plan,mir_operator:LinearOp,12,memset,memset,448,7450,449481.7
base,react_moa_mcts,3,24,react-plan,mir_operator:LinearOp,12,kernel,gemm,12190,8055,449489.1
base,react_moa_mcts,3,25,react-plan,mir_operator:TransposeOp,14,kernel,copy,9342,9641,449678.4
base,react_moa_mcts,3,26,react-plan,d2h_stage,,memcpy,memcpy,61398,13520,449783.5
base,react_moa_mcts,3,27,moa-map0,h2d_stage,,memcpy,memcpy,87762,11622,463293.7
base,react_moa_mcts,3,28,moa-map0,weight_init,,kernel,rng_init,5024,78337,463524.6
base,react_moa_mcts,3,29,moa-map0,weight_init,,kernel,elementwise_binary,1983,44913,463530.5
base,react_moa_mcts,3,30,moa-map0,mir_operator:RMSNormOp,6,kernel,copy,4288,8427,463575.0
base,react_moa_mcts,3,31,moa-map0,mir_operator:RMSNormOp,6,kernel,elementwise_unary,3136,6282,463595.5
base,react_moa_mcts,3,32,moa-map0,mir_operator:RMSNormOp,6,kernel,reduce,3520,6753,463617.9
base,react_moa_mcts,3,33,moa-map0,mir_operator:RMSNormOp,6,kernel,elementwise_binary,1056,6090,463635.0
base,react_moa_mcts,3,34,moa-map0,mir_operator:RMSNormOp,6,kernel,elementwise_unary,1088,5759,463651.6
base,react_moa_mcts,3,35,moa-map0,mir_operator:RMSNormOp,6,kernel,elementwise_binary,3936,6004,463669.7
base,react_moa_mcts,3,36,moa-map0,mir_operator:RMSNormOp,6,kernel,copy,2304,6345,463689.8
base,react_moa_mcts,3,37,moa-map0,mir_operator:AddOp,7,kernel,elementwise_binary,2047,8461,463803.2
base,react_moa_mcts,3,38,moa-map0,mir_operator:RMSNormOp,8,kernel,copy,4479,8644,463904.0
base,react_moa_mcts,3,39,moa-map0,mir_operator:RMSNormOp,8,kernel,elementwise_unary,3072,6128,463924.2
base,react_moa_mcts,3,40,moa-map0,mir_operator:RMSNormOp,8,kernel,reduce,3200,6041,463944.4
base,react_moa_mcts,3,41,moa-map0,mir_operator:RMSNormOp,8,kernel,elementwise_binary,1023,5996,463959.7
base,react_moa_mcts,3,42,moa-map0,mir_operator:RMSNormOp,8,kernel,elementwise_unary,1088,5882,463975.8
base,react_moa_mcts,3,43,moa-map0,mir_operator:RMSNormOp,8,kernel,elementwise_binary,3904,6155,463993.2
base,react_moa_mcts,3,44,moa-map0,mir_operator:RMSNormOp,8,kernel,copy,2304,6253,464012.6
base,react_moa_mcts,3,45,moa-map0,mir_operator:LinearOp,10,kernel,gemm,20156,9269,464134.4
base,react_moa_mcts,3,46,moa-map0,mir_operator:LinearOp,11,kernel,gemm,20157,8481,464239.0
base,react_moa_mcts,3,47,moa-map0,mir_operator:LinearOp,12,kernel,gemm,20157,8664,464348.3
base,react_moa_mcts,3,48,moa-map0,mir_operator:TransposeOp,14,kernel,copy,12350,9863,464538.0
base,react_moa_mcts,3,49,moa-map0,d2h_stage,,memcpy,memcpy,90354,10160,464640.7
base,react_moa_mcts,3,50,moa-map1,h2d_stage,,memcpy,memcpy,85906,11060,478175.7
base,react_moa_mcts,3,51,moa-map1,weight_init,,kernel,rng_init,5055,78158,478422.5
base,react_moa_mcts,3,52,moa-map1,weight_init,,kernel,elementwise_binary,1951,44547,478428.4
base,react_moa_mcts,3,53,moa-map1,mir_operator:RMSNormOp,6,kernel,copy,4383,8489,478471.8
base,react_moa_mcts,3,54,moa-map1,mir_operator:RMSNormOp,6,kernel,elementwise_unary,3104,6663,478493.0
base,react_moa_mcts,3,55,moa-map1,mir_operator:RMSNormOp,6,kernel,reduce,3551,6807,478514.9
base,react_moa_mcts,3,56,moa-map1,mir_operator:RMSNormOp,6,kernel,elementwise_binary,1088,6266,478531.6
base,react_moa_mcts,3,57,moa-map1,mir_operator:RMSNormOp,6,kernel,elementwise_unary,1120,6059,478548.2
base,react_moa_mcts,3,58,moa-map1,mir_operator:RMSNormOp,6,kernel,elementwise_binary,3968,6193,478566.6
base,react_moa_mcts,3,59,moa-map1,mir_operator:RMSNormOp,6,kernel,copy,2272,6257,478586.7
base,react_moa_mcts,3,60,moa-map1,mir_operator:AddOp,7,kernel,elementwise_binary,2112,8652,478707.0
base,react_moa_mcts,3,61,moa-map1,mir_operator:RMSNormOp,8,kernel,copy,4320,8359,478809.9
base,react_moa_mcts,3,62,moa-map1,mir_operator:RMSNormOp,8,kernel,elementwise_unary,3136,6294,478829.1
base,react_moa_mcts,3,63,moa-map1,mir_operator:RMSNormOp,8,kernel,reduce,3232,6491,478849.5
base,react_moa_mcts,3,64,moa-map1,mir_operator:RMSNormOp,8,kernel,elementwise_binary,1024,5941,478864.1
base,react_moa_mcts,3,65,moa-map1,mir_operator:RMSNormOp,8,kernel,elementwise_unary,1056,5911,478880.4
base,react_moa_mcts,3,66,moa-map1,mir_operator:RMSNormOp,8,kernel,elementwise_binary,3904,6301,478898.0
base,react_moa_mcts,3,67,moa-map1,mir_operator:RMSNormOp,8,kernel,copy,2272,5951,478916.8
base,react_moa_mcts,3,68,moa-map1,mir_operator:LinearOp,10,kernel,gemm,20284,9167,479039.3
base,react_moa_mcts,3,69,moa-map1,mir_operator:LinearOp,11,kernel,gemm,20061,7985,479142.4
base,react_moa_mcts,3,70,moa-map1,mir_operator:LinearOp,12,kernel,gemm,20285,8754,479249.2
base,react_moa_mcts,3,71,moa-map1,mir_operator:TransposeOp,14,kernel,copy,12382,10084,479443.3
base,react_moa_mcts,3,72,moa-map1,d2h_stage,,memcpy,memcpy,89458,10272,479544.6
base,react_moa_mcts,3,73,moa-map2,h2d_stage,,memcpy,memcpy,93489,11481,493118.1
base,react_moa_mcts,3,74,moa-map2,weight_init,,kernel,rng_init,5023,78025,493361.9
base,react_moa_mcts,3,75,moa-map2,weight_init,,kernel,elementwise_binary,2016,43555,493367.7
base,react_moa_mcts,3,76,moa-map2,mir_operator:RMSNormOp,6,kernel,copy,4320,8398,493410.2
base,react_moa_mcts,3,77,moa-map2,mir_operator:RMSNormOp,6,kernel,elementwise_unary,3103,6754,493431.4
base,react_moa_mcts,3,78,moa-map2,mir_operator:RMSNormOp,6,kernel,reduce,3520,6755,493453.0
base,react_moa_mcts,3,79,moa-map2,mir_operator:RMSNormOp,6,kernel,elementwise_binary,1056,6154,493469.6
base,react_moa_mcts,3,80,moa-map2,mir_operator:RMSNormOp,6,kernel,elementwise_unary,1120,6188,493486.6
base,react_moa_mcts,3,81,moa-map2,mir_operator:RMSNormOp,6,kernel,elementwise_binary,3967,6111,493504.7
base,react_moa_mcts,3,82,moa-map2,mir_operator:RMSNormOp,6,kernel,copy,2271,6386,493525.4
base,react_moa_mcts,3,83,moa-map2,mir_operator:AddOp,7,kernel,elementwise_binary,1983,8137,493637.9
base,react_moa_mcts,3,84,moa-map2,mir_operator:RMSNormOp,8,kernel,copy,4511,8366,493738.6
base,react_moa_mcts,3,85,moa-map2,mir_operator:RMSNormOp,8,kernel,elementwise_unary,3104,6316,493759.1
base,react_moa_mcts,3,86,moa-map2,mir_operator:RMSNormOp,8,kernel,reduce,3168,6480,493779.2
base,react_moa_mcts,3,87,moa-map2,mir_operator:RMSNormOp,8,kernel,elementwise_binary,1055,5807,493794.0
base,react_moa_mcts,3,88,moa-map2,mir_operator:RMSNormOp,8,kernel,elementwise_unary,1088,5795,493810.0
base,react_moa_mcts,3,89,moa-map2,mir_operator:RMSNormOp,8,kernel,elementwise_binary,3904,6151,493827.4
base,react_moa_mcts,3,90,moa-map2,mir_operator:RMSNormOp,8,kernel,copy,2240,5936,493846.2
base,react_moa_mcts,3,91,moa-map2,mir_operator:LinearOp,10,kernel,gemm,20157,9442,493969.5
base,react_moa_mcts,3,92,moa-map2,mir_operator:LinearOp,11,kernel,gemm,20124,8209,494075.2
base,react_moa_mcts,3,93,moa-map2,mir_operator:LinearOp,12,kernel,gemm,19932,7621,494174.4
base,react_moa_mcts,3,94,moa-map2,mir_operator:TransposeOp,14,kernel,copy,12382,9816,494364.5
base,react_moa_mcts,3,95,moa-map2,d2h_stage,,memcpy,memcpy,78707,9793,494465.1
base,react_moa_mcts,3,96,mcts-root,h2d_stage,,memcpy,memcpy,90929,11591,507943.6
base,react_moa_mcts,3,97,mcts-root,weight_init,,kernel,rng_init,5056,77983,508176.3
base,react_moa_mcts,3,98,mcts-root,weight_init,,kernel,elementwise_binary,1951,44144,508182.0
base,react_moa_mcts,3,99,mcts-root,mir_operator:RMSNormOp,6,kernel,copy,4383,8176,508224.7
base,react_moa_mcts,3,100,mcts-root,mir_operator:RMSNormOp,6,kernel,elementwise_unary,3104,6508,508245.0
base,react_moa_mcts,3,101,mcts-root,mir_operator:RMSNormOp,6,kernel,reduce,3519,14413,508274.5
base,react_moa_mcts,3,102,mcts-root,mir_operator:RMSNormOp,6,kernel,elementwise_binary,1056,6784,508292.8
base,react_moa_mcts,3,103,mcts-root,mir_operator:RMSNormOp,6,kernel,elementwise_unary,1088,6296,508310.0
base,react_moa_mcts,3,104,mcts-root,mir_operator:RMSNormOp,6,kernel,elementwise_binary,3936,6027,508328.0
base,react_moa_mcts,3,105,mcts-root,mir_operator:RMSNormOp,6,kernel,copy,2272,6333,508348.4
base,react_moa_mcts,3,106,mcts-root,mir_operator:AddOp,7,kernel,elementwise_binary,2047,8482,508468.0
base,react_moa_mcts,3,107,mcts-root,mir_operator:RMSNormOp,8,kernel,copy,4575,8266,508570.9
base,react_moa_mcts,3,108,mcts-root,mir_operator:RMSNormOp,8,kernel,elementwise_unary,3071,6125,508590.9
base,react_moa_mcts,3,109,mcts-root,mir_operator:RMSNormOp,8,kernel,reduce,3263,6316,508611.5
base,react_moa_mcts,3,110,mcts-root,mir_operator:RMSNormOp,8,kernel,elementwise_binary,1056,5848,508626.1
base,react_moa_mcts,3,111,mcts-root,mir_operator:RMSNormOp,8,kernel,elementwise_unary,1056,5972,508642.1
base,react_moa_mcts,3,112,mcts-root,mir_operator:RMSNormOp,8,kernel,elementwise_binary,3935,6109,508659.5
base,react_moa_mcts,3,113,mcts-root,mir_operator:RMSNormOp,8,kernel,copy,2240,5922,508678.3
base,react_moa_mcts,3,114,mcts-root,mir_operator:LinearOp,10,kernel,gemm,20157,8811,508799.8
base,react_moa_mcts,3,115,mcts-root,mir_operator:LinearOp,11,kernel,gemm,19869,8175,508903.0
base,react_moa_mcts,3,116,mcts-root,mir_operator:LinearOp,12,kernel,gemm,20221,7979,509002.2
base,react_moa_mcts,3,117,mcts-root,mir_operator:TransposeOp,14,kernel,copy,12414,9348,509185.1
base,react_moa_mcts,3,118,mcts-root,d2h_stage,,memcpy,memcpy,89714,9936,509294.3
base,react_moa_mcts,3,119,mcts-actor0,h2d_stage,,memcpy,memcpy,86834,12217,524804.2
base,react_moa_mcts,3,120,mcts-actor0,weight_init,,kernel,rng_init,5055,77826,525034.2
base,react_moa_mcts,3,121,mcts-actor0,weight_init,,kernel,elementwise_binary,1984,44680,525040.0
base,react_moa_mcts,3,122,mcts-actor0,mir_operator:RMSNormOp,6,kernel,copy,4351,7909,525078.1
base,react_moa_mcts,3,123,mcts-actor0,mir_operator:RMSNormOp,6,kernel,elementwise_unary,3135,6474,525098.5
base,react_moa_mcts,3,124,mcts-actor0,mir_operator:RMSNormOp,6,kernel,reduce,3520,6586,525119.8
base,react_moa_mcts,3,125,mcts-actor0,mir_operator:RMSNormOp,6,kernel,elementwise_binary,1056,6101,525136.1
base,react_moa_mcts,3,126,mcts-actor0,mir_operator:RMSNormOp,6,kernel,elementwise_unary,1120,5751,525152.6
base,react_moa_mcts,3,127,mcts-actor0,mir_operator:RMSNormOp,6,kernel,elementwise_binary,3968,6056,525170.7
base,react_moa_mcts,3,128,mcts-actor0,mir_operator:RMSNormOp,6,kernel,copy,2272,6156,525190.4
base,react_moa_mcts,3,129,mcts-actor0,mir_operator:AddOp,7,kernel,elementwise_binary,2080,8692,525315.1
base,react_moa_mcts,3,130,mcts-actor0,mir_operator:RMSNormOp,8,kernel,copy,4160,8248,525418.1
base,react_moa_mcts,3,131,mcts-actor0,mir_operator:RMSNormOp,8,kernel,elementwise_unary,3168,6296,525438.6
base,react_moa_mcts,3,132,mcts-actor0,mir_operator:RMSNormOp,8,kernel,reduce,3199,6590,525459.6
base,react_moa_mcts,3,133,mcts-actor0,mir_operator:RMSNormOp,8,kernel,elementwise_binary,1056,5942,525474.4
base,react_moa_mcts,3,134,mcts-actor0,mir_operator:RMSNormOp,8,kernel,elementwise_unary,1088,5715,525490.5
base,react_moa_mcts,3,135,mcts-actor0,mir_operator:RMSNormOp,8,kernel,elementwise_binary,3935,6507,525508.2
base,react_moa_mcts,3,136,mcts-actor0,mir_operator:RMSNormOp,8,kernel,copy,2272,6489,525527.6
base,react_moa_mcts,3,137,mcts-actor0,mir_operator:LinearOp,10,kernel,gemm,20060,8726,525647.8
base,react_moa_mcts,3,138,mcts-actor0,mir_operator:LinearOp,11,kernel,gemm,20189,8005,525750.7
base,react_moa_mcts,3,139,mcts-actor0,mir_operator:LinearOp,12,kernel,gemm,20028,7538,525847.6
base,react_moa_mcts,3,140,mcts-actor0,mir_operator:TransposeOp,14,kernel,copy,12670,9287,526025.3
base,react_moa_mcts,3,141,mcts-actor0,d2h_stage,,memcpy,memcpy,88722,9990,526125.5
base,react_moa_mcts,3,142,mcts-actor1,h2d_stage,,memcpy,memcpy,89041,11338,539673.2
base,react_moa_mcts,3,143,mcts-actor1,weight_init,,kernel,rng_init,5055,77690,539910.3
base,react_moa_mcts,3,144,mcts-actor1,weight_init,,kernel,elementwise_binary,2015,45373,539916.1
base,react_moa_mcts,3,145,mcts-actor1,mir_operator:RMSNormOp,6,kernel,copy,4352,8488,539955.9
base,react_moa_mcts,3,146,mcts-actor1,mir_operator:RMSNormOp,6,kernel,elementwise_unary,3136,6534,539976.1
base,react_moa_mcts,3,147,mcts-actor1,mir_operator:RMSNormOp,6,kernel,reduce,3519,7129,539998.0
base,react_moa_mcts,3,148,mcts-actor1,mir_operator:RMSNormOp,6,kernel,elementwise_binary,1056,6251,540014.5
base,react_moa_mcts,3,149,mcts-actor1,mir_operator:RMSNormOp,6,kernel,elementwise_unary,1088,5925,540031.0
base,react_moa_mcts,3,150,mcts-actor1,mir_operator:RMSNormOp,6,kernel,elementwise_binary,3936,6261,540049.4
base,react_moa_mcts,3,151,mcts-actor1,mir_operator:RMSNormOp,6,kernel,copy,2240,6490,540069.7
base,react_moa_mcts,3,152,mcts-actor1,mir_operator:AddOp,7,kernel,elementwise_binary,2080,8160,540181.6
base,react_moa_mcts,3,153,mcts-actor1,mir_operator:RMSNormOp,8,kernel,copy,4575,8945,540290.9
base,react_moa_mcts,3,154,mcts-actor1,mir_operator:RMSNormOp,8,kernel,elementwise_unary,3200,6803,540311.2
base,react_moa_mcts,3,155,mcts-actor1,mir_operator:RMSNormOp,8,kernel,reduce,3231,6383,540331.7
base,react_moa_mcts,3,156,mcts-actor1,mir_operator:RMSNormOp,8,kernel,elementwise_binary,1056,6166,540347.8
base,react_moa_mcts,3,157,mcts-actor1,mir_operator:RMSNormOp,8,kernel,elementwise_unary,1088,5710,540363.6
base,react_moa_mcts,3,158,mcts-actor1,mir_operator:RMSNormOp,8,kernel,elementwise_binary,3903,6279,540381.2
base,react_moa_mcts,3,159,mcts-actor1,mir_operator:RMSNormOp,8,kernel,copy,2272,6004,540400.7
base,react_moa_mcts,3,160,mcts-actor1,mir_operator:LinearOp,10,kernel,gemm,20157,9179,540523.9
base,react_moa_mcts,3,161,mcts-actor1,mir_operator:LinearOp,11,kernel,gemm,20189,8796,540636.2
base,react_moa_mcts,3,162,mcts-actor1,mir_operator:LinearOp,12,kernel,gemm,19837,7817,540735.4
base,react_moa_mcts,3,163,mcts-actor1,mir_operator:TransposeOp,14,kernel,copy,12606,9419,540917.9
base,react_moa_mcts,3,164,mcts-actor1,d2h_stage,,memcpy,memcpy,89905,9962,541019.1
base,react_moa_mcts,3,165,moa-reduce,h2d_stage,,memcpy,memcpy,87026,11254,554579.9
base,react_moa_mcts,3,166,moa-reduce,weight_init,,kernel,rng_init,5056,77903,554810.1
base,react_moa_mcts,3,167,moa-reduce,weight_init,,kernel,elementwise_binary,2015,43452,554815.8
base,react_moa_mcts,3,168,moa-reduce,mir_operator:RMSNormOp,6,kernel,copy,4319,8186,554858.5
base,react_moa_mcts,3,169,moa-reduce,mir_operator:RMSNormOp,6,kernel,elementwise_unary,3168,6174,554878.4
base,react_moa_mcts,3,170,moa-reduce,mir_operator:RMSNormOp,6,kernel,reduce,3455,7065,554900.5
base,react_moa_mcts,3,171,moa-reduce,mir_operator:RMSNormOp,6,kernel,elementwise_binary,1056,6361,554917.0
base,react_moa_mcts,3,172,moa-reduce,mir_operator:RMSNormOp,6,kernel,elementwise_unary,1119,6004,554933.7
base,react_moa_mcts,3,173,moa-reduce,mir_operator:RMSNormOp,6,kernel,elementwise_binary,3967,6472,554952.2
base,react_moa_mcts,3,174,moa-reduce,mir_operator:RMSNormOp,6,kernel,copy,2272,5996,554971.9
base,react_moa_mcts,3,175,moa-reduce,mir_operator:AddOp,7,kernel,elementwise_binary,2080,8333,555084.0
base,react_moa_mcts,3,176,moa-reduce,mir_operator:RMSNormOp,8,kernel,copy,4288,8805,555185.1
base,react_moa_mcts,3,177,moa-reduce,mir_operator:RMSNormOp,8,kernel,elementwise_unary,3136,6266,555205.3
base,react_moa_mcts,3,178,moa-reduce,mir_operator:RMSNormOp,8,kernel,reduce,3231,6259,555225.6
base,react_moa_mcts,3,179,moa-reduce,mir_operator:RMSNormOp,8,kernel,elementwise_binary,1056,6068,555240.5
base,react_moa_mcts,3,180,moa-reduce,mir_operator:RMSNormOp,8,kernel,elementwise_unary,1088,5905,555256.4
base,react_moa_mcts,3,181,moa-reduce,mir_operator:RMSNormOp,8,kernel,elementwise_binary,3903,6466,555282.1
base,react_moa_mcts,3,182,moa-reduce,mir_operator:RMSNormOp,8,kernel,copy,2240,6490,555302.1
base,react_moa_mcts,3,183,moa-reduce,mir_operator:LinearOp,10,kernel,gemm,20125,9382,555432.9
base,react_moa_mcts,3,184,moa-reduce,mir_operator:LinearOp,11,kernel,gemm,20157,13170,555542.4
base,react_moa_mcts,3,185,moa-reduce,mir_operator:LinearOp,12,kernel,gemm,20157,8114,555646.8
base,react_moa_mcts,3,186,moa-reduce,mir_operator:TransposeOp,14,kernel,copy,12574,9322,555829.3
base,react_moa_mcts,3,187,moa-reduce,d2h_stage,,memcpy,memcpy,88370,9962,555931.8
base,react_moa_mcts,3,188,react-answer,h2d_stage,,memcpy,memcpy,71189,11052,567397.9
base,react_moa_mcts,3,189,react-answer,weight_init,,kernel,rng_init,4991,77671,567617.4
base,react_moa_mcts,3,190,react-answer,weight_init,,kernel,elementwise_binary,1664,44663,567623.1
base,react_moa_mcts,3,191,react-answer,mir_operator:RMSNormOp,6,kernel,copy,3999,8288,567663.9
base,react_moa_mcts,3,192,react-answer,mir_operator:RMSNormOp,6,kernel,elementwise_unary,2752,6370,567683.9
base,react_moa_mcts,3,193,react-answer,mir_operator:RMSNormOp,6,kernel,reduce,3359,6734,567705.6
base,react_moa_mcts,3,194,react-answer,mir_operator:RMSNormOp,6,kernel,elementwise_binary,1184,6298,567722.5
base,react_moa_mcts,3,195,react-answer,mir_operator:RMSNormOp,6,kernel,elementwise_unary,1216,5836,567739.4
base,react_moa_mcts,3,196,react-answer,mir_operator:RMSNormOp,6,kernel,elementwise_binary,3455,6319,567757.4
base,react_moa_mcts,3,197,react-answer,mir_operator:RMSNormOp,6,kernel,copy,2016,6232,567777.7
base,react_moa_mcts,3,198,react-answer,mir_operator:AddOp,7,kernel,elementwise_binary,1696,8303,567890.9
base,react_moa_mcts,3,199,react-answer,mir_operator:RMSNormOp,8,kernel,copy,3839,8185,567992.4
base,react_moa_mcts,3,200,react-answer,mir_operator:RMSNormOp,8,kernel,elementwise_unary,2623,6338,568011.5
base,react_moa_mcts,3,201,react-answer,mir_operator:RMSNormOp,8,kernel,reduce,3007,6208,568031.0
base,react_moa_mcts,3,202,react-answer,mir_operator:RMSNormOp,8,kernel,elementwise_binary,1152,5906,568045.6
base,react_moa_mcts,3,203,react-answer,mir_operator:RMSNormOp,8,kernel,elementwise_unary,1248,5902,568061.2
base,react_moa_mcts,3,204,react-answer,mir_operator:RMSNormOp,8,kernel,elementwise_binary,3392,6126,568078.1
base,react_moa_mcts,3,205,react-answer,mir_operator:RMSNormOp,8,kernel,copy,2048,6064,568097.6
base,react_moa_mcts,3,206,react-answer,mir_operator:LinearOp,10,kernel,gemm,14589,9565,568223.8
base,react_moa_mcts,3,207,react-answer,mir_operator:LinearOp,11,kernel,gemm,14622,9027,568341.3
base,react_moa_mcts,3,208,react-answer,mir_operator:LinearOp,12,kernel,gemm,14558,7773,568439.9
base,react_moa_mcts,3,209,react-answer,mir_operator:TransposeOp,14,kernel,copy,12126,9181,568622.2
base,react_moa_mcts,3,210,react-answer,d2h_stage,,memcpy,memcpy,68054,9926,568723.9
base,react_moa_mcts,3,211,mcts-critic,h2d_stage,,memcpy,memcpy,88274,11017,582308.8
base,react_moa_mcts,3,212,mcts-critic,weight_init,,kernel,rng_init,5023,78191,582539.9
base,react_moa_mcts,3,213,mcts-critic,weight_init,,kernel,elementwise_binary,1984,45132,582545.7
base,react_moa_mcts,3,214,mcts-critic,mir_operator:RMSNormOp,6,kernel,copy,4287,8445,582585.2
base,react_moa_mcts,3,215,mcts-critic,mir_operator:RMSNormOp,6,kernel,elementwise_unary,3135,6414,582605.5
base,react_moa_mcts,3,216,mcts-critic,mir_operator:RMSNormOp,6,kernel,reduce,3520,6737,582627.4
base,react_moa_mcts,3,217,mcts-critic,mir_operator:RMSNormOp,6,kernel,elementwise_binary,1055,6141,582643.9
base,react_moa_mcts,3,218,mcts-critic,mir_operator:RMSNormOp,6,kernel,elementwise_unary,1120,5919,582661.0
base,react_moa_mcts,3,219,mcts-critic,mir_operator:RMSNormOp,6,kernel,elementwise_binary,3999,6477,582679.7
base,react_moa_mcts,3,220,mcts-critic,mir_operator:RMSNormOp,6,kernel,copy,2303,6264,582699.5
base,react_moa_mcts,3,221,mcts-critic,mir_operator:AddOp,7,kernel,elementwise_binary,2080,8333,582813.0
base,react_moa_mcts,3,222,mcts-critic,mir_operator:RMSNormOp,8,kernel,copy,4352,8261,582913.2
base,react_moa_mcts,3,223,mcts-critic,mir_operator:RMSNormOp,8,kernel,elementwise_unary,3168,6854,582932.4
base,react_moa_mcts,3,224,mcts-critic,mir_operator:RMSNormOp,8,kernel,reduce,3200,6199,582951.9
base,react_moa_mcts,3,225,mcts-critic,mir_operator:RMSNormOp,8,kernel,elementwise_binary,1023,5863,582967.1
base,react_moa_mcts,3,226,mcts-critic,mir_operator:RMSNormOp,8,kernel,elementwise_unary,1088,6034,582983.3
base,react_moa_mcts,3,227,mcts-critic,mir_operator:RMSNormOp,8,kernel,elementwise_binary,3904,6069,583000.5
base,react_moa_mcts,3,228,mcts-critic,mir_operator:RMSNormOp,8,kernel,copy,2240,5987,583019.6
base,react_moa_mcts,3,229,mcts-critic,mir_operator:LinearOp,10,kernel,gemm,20124,8761,583141.5
base,react_moa_mcts,3,230,mcts-critic,mir_operator:LinearOp,11,kernel,gemm,19965,8049,583245.5
base,react_moa_mcts,3,231,mcts-critic,mir_operator:LinearOp,12,kernel,gemm,19869,8557,583356.1
base,react_moa_mcts,3,232,mcts-critic,mir_operator:TransposeOp,14,kernel,copy,12414,9541,583537.9
base,react_moa_mcts,3,233,mcts-critic,d2h_stage,,memcpy,memcpy,89170,10134,583638.8
