lineage,workload,process,instances,cumulative_host_ns,share_pct,selected,median_ns,p90_ns,max_ns,mad_ns,gpu_owning
scaled,react_tool_L,host_input_generate,16,1075201359.0,56.13,True,66353476.0,67391662.0,85877474.0,867398.5,False
scaled,react_tool_L,mir_operator:LinearOp,48,549072341.0,28.66,True,11534083.5,11613572.0,11736838.0,103410.0,True
scaled,react_tool_L,mir_operator:RMSNormOp,32,140118330.0,7.31,False,4307525.0,4580061.0,4932295.0,80025.0,True
scaled,react_tool_L,mir_operator:TransposeOp,16,68069529.0,3.55,False,4202558.0,4416897.0,4525181.0,83229.0,True
scaled,react_tool_L,adapter_dispatch,16,19059661.0,0.99,False,1205451.0,1457715.0,1483513.0,248081.0,False
scaled,react_tool_L,h2d_stage,16,15375750.0,0.8,False,962788.5,974811.0,999541.0,11844.0,True
scaled,react_tool_L,d2h_stage,16,14643739.0,0.76,False,907077.0,952893.0,1118670.0,25138.0,True
scaled,react_tool_L,mir_operator:AddOp,16,9188195.0,0.48,False,569181.0,581078.0,742503.0,10446.0,True
scaled,react_tool_L,dag_schedule_gap,24,8483405.0,0.44,False,69304.0,995371.0,1017477.0,56457.0,False
scaled,react_tool_L,token_preprocess_cpu,16,4827834.0,0.25,False,292476.0,366279.0,398987.0,48654.0,False
scaled,react_tool_L,weight_init,16,3145783.0,0.16,False,193245.0,197938.0,252449.0,3198.5,True
scaled,react_tool_L,agent_tool_execute_cpu,8,2680322.0,0.14,False,325819.0,356606.0,377153.0,13063.0,False
scaled,react_tool_L,mir_operator:ViewOp,16,2502904.0,0.13,False,154554.5,170450.0,189933.0,6300.5,False
scaled,react_tool_L,checksum_complete,16,1363692.0,0.07,False,85259.5,91903.0,92717.0,3238.0,False
scaled,react_tool_L,inter_operator_dispatch,112,1206230.0,0.06,False,9516.5,16434.0,23067.0,2705.0,False
scaled,react_tool_L,iteration_tail_sync,8,454006.0,0.02,False,56872.0,58131.0,64341.0,1892.5,False
scaled,react_tool_L,pre_d2h_alloc,16,332012.0,0.02,False,20659.0,24116.0,26030.0,1856.0,False
scaled,planner_debate_L,host_input_generate,40,4155143030.0,48.2,True,110979848.5,116869847.0,117808646.0,5980048.5,False
scaled,planner_debate_L,mir_operator:LinearOp,120,2878961113.0,33.39,True,26025762.5,27060561.0,27768337.0,1043309.0,True
scaled,planner_debate_L,mir_operator:RMSNormOp,80,1082436898.0,12.56,True,16034141.5,16495806.0,16602684.0,467026.5,True
scaled,planner_debate_L,mir_operator:TransposeOp,40,270576622.0,3.14,False,7271360.5,7496768.0,7922479.0,396011.0,True
scaled,planner_debate_L,h2d_stage,40,58037774.0,0.67,False,1523032.5,1612533.0,2058724.0,36609.0,True
scaled,planner_debate_L,d2h_stage,40,55809185.0,0.65,False,1483664.0,1570212.0,1777976.0,95249.0,True
scaled,planner_debate_L,adapter_dispatch,40,41655787.0,0.48,False,945322.5,1423474.0,1687681.0,75790.5,False
scaled,planner_debate_L,mir_operator:AddOp,40,27947331.0,0.32,False,744569.0,792417.0,878770.0,46058.5,True
scaled,planner_debate_L,token_preprocess_cpu,40,13462585.0,0.16,False,344920.0,396006.0,410053.0,42808.5,False
scaled,planner_debate_L,dag_schedule_gap,48,9240380.0,0.11,False,45457.5,903236.0,1004920.0,15064.5,False
scaled,planner_debate_L,weight_init,40,8571735.0,0.1,False,206552.5,220892.0,496662.0,11495.5,True
scaled,planner_debate_L,mir_operator:ViewOp,40,6781219.0,0.08,False,166915.0,191476.0,219874.0,12655.0,False
scaled,planner_debate_L,inter_operator_dispatch,280,4294947.0,0.05,False,13837.0,23940.0,165844.0,4939.5,False
scaled,planner_debate_L,checksum_complete,40,3626570.0,0.04,False,89204.0,103218.0,109461.0,5655.5,False
scaled,planner_debate_L,agent_tool_execute_cpu,8,3014585.0,0.03,False,385884.5,395439.0,424909.0,8537.0,False
scaled,planner_debate_L,pre_d2h_alloc,40,893990.0,0.01,False,21905.5,27198.0,32909.0,2642.5,False
scaled,planner_debate_L,iteration_tail_sync,8,545201.0,0.01,False,65548.5,74179.0,100777.0,8108.5,False
scaled,react_moa_mcts_x3_L,host_input_generate,240,25652331944.0,48.37,True,111889427.5,118639929.0,139734896.0,2786239.0,False
scaled,react_moa_mcts_x3_L,mir_operator:LinearOp,720,17490508356.0,32.98,True,26101723.0,27127466.0,27894652.0,525463.5,True
scaled,react_moa_mcts_x3_L,mir_operator:RMSNormOp,480,6903717022.0,13.02,True,16085566.0,16500611.0,17098108.0,301611.5,True
scaled,react_moa_mcts_x3_L,mir_operator:TransposeOp,240,1665680274.0,3.14,False,7347366.5,7787877.0,7921913.0,102548.5,True
scaled,react_moa_mcts_x3_L,h2d_stage,240,352661291.0,0.67,False,1531418.0,1628123.0,2045551.0,26703.0,True
scaled,react_moa_mcts_x3_L,d2h_stage,240,341434015.0,0.64,False,1492685.0,1572732.0,1821276.0,29322.0,True
scaled,react_moa_mcts_x3_L,adapter_dispatch,240,207585749.0,0.39,False,801194.0,1289742.0,2252989.0,46644.0,False
scaled,react_moa_mcts_x3_L,mir_operator:AddOp,240,164547592.0,0.31,False,699171.5,749739.0,1121713.0,13261.0,True
scaled,react_moa_mcts_x3_L,token_preprocess_cpu,240,78080473.0,0.15,False,326597.5,375984.0,3043962.0,42429.5,False
scaled,react_moa_mcts_x3_L,weight_init,240,45079911.0,0.09,False,190986.5,206201.0,289565.0,9685.0,True
scaled,react_moa_mcts_x3_L,mir_operator:ViewOp,240,37665310.0,0.07,False,151185.0,171878.0,393830.0,8224.0,False
scaled,react_moa_mcts_x3_L,dag_schedule_gap,264,34610726.0,0.07,False,41577.5,105341.0,1788185.0,9748.5,False
scaled,react_moa_mcts_x3_L,inter_operator_dispatch,1680,21733144.0,0.04,False,11816.0,21320.0,98480.0,4071.0,False
scaled,react_moa_mcts_x3_L,checksum_complete,240,19829452.0,0.04,False,82283.5,91046.0,139592.0,3605.5,False
scaled,react_moa_mcts_x3_L,agent_tool_execute_cpu,24,7385881.0,0.01,False,313653.5,357683.0,384270.0,42474.0,False
scaled,react_moa_mcts_x3_L,pre_d2h_alloc,240,5035078.0,0.01,False,19574.0,32122.0,50747.0,5618.0,False
scaled,react_moa_mcts_x3_L,iteration_tail_sync,8,609163.0,0.0,False,78868.0,88812.0,108641.0,11726.5,False
