lineage,workload,iteration,gap_start_rel_us,gap_ns,next_gpu_item,host_processes_covering_gap
scaled,react_tool_L,5,1247624.0,182940,plan:weight_init:rng_init,
scaled,react_tool_L,5,1247836.3,61109,plan:mir_operator:RMSNormOp:copy,
scaled,react_tool_L,5,1252096.2,100304,plan:mir_operator:AddOp:elementwise_binary,
scaled,react_tool_L,5,1252677.8,85613,plan:mir_operator:RMSNormOp:copy,
scaled,react_tool_L,5,1256962.0,135448,plan:mir_operator:LinearOp:gemm,
scaled,react_tool_L,5,1268557.0,75976,plan:mir_operator:LinearOp:gemm,
scaled,react_tool_L,5,1280072.1,77432,plan:mir_operator:LinearOp:gemm,
scaled,react_tool_L,5,1291290.8,248940,plan:mir_operator:TransposeOp:copy,
scaled,react_tool_L,5,1295667.1,150804,plan:d2h_stage:memcpy,
scaled,react_tool_L,5,1296614.7,70157964,answer:h2d_stage:memcpy,
scaled,react_tool_L,5,1367591.8,188960,answer:weight_init:rng_init,
scaled,react_tool_L,5,1367810.3,70176,answer:mir_operator:RMSNormOp:copy,
scaled,react_tool_L,5,1372083.0,119248,answer:mir_operator:AddOp:elementwise_binary,
scaled,react_tool_L,5,1372683.9,85816,answer:mir_operator:RMSNormOp:copy,
scaled,react_tool_L,5,1377001.6,140204,answer:mir_operator:LinearOp:gemm,
scaled,react_tool_L,5,1388620.1,78772,answer:mir_operator:LinearOp:gemm,
scaled,react_tool_L,5,1400165.8,76640,answer:mir_operator:LinearOp:gemm,
scaled,react_tool_L,5,1411611.5,282129,answer:mir_operator:TransposeOp:copy,
scaled,react_tool_L,5,1416192.3,97189,answer:d2h_stage:memcpy,
scaled,planner_debate_L,1,1178305.5,401677,planner-seed:weight_init:rng_init,
scaled,planner_debate_L,1,1178750.5,212185,planner-seed:mir_operator:RMSNormOp:copy,
scaled,planner_debate_L,1,1188240.1,216214,planner-seed:mir_operator:AddOp:elementwise_binary,
scaled,planner_debate_L,1,1188920.0,110425,planner-seed:mir_operator:RMSNormOp:copy,
scaled,planner_debate_L,1,1198141.4,198550,planner-seed:mir_operator:LinearOp:gemm,
scaled,planner_debate_L,1,1218236.9,128701,planner-seed:mir_operator:LinearOp:gemm,
scaled,planner_debate_L,1,1238739.4,109809,planner-seed:mir_operator:LinearOp:gemm,
scaled,planner_debate_L,1,1259306.5,342037,planner-seed:mir_operator:TransposeOp:copy,
scaled,planner_debate_L,1,1265321.0,107010,planner-seed:d2h_stage:memcpy,
scaled,planner_debate_L,1,1266525.3,118954025,critic-a:h2d_stage:memcpy,
scaled,planner_debate_L,1,1386933.7,208953,critic-a:weight_init:rng_init,
scaled,planner_debate_L,1,1387196.6,59349,critic-a:mir_operator:RMSNormOp:copy,
scaled,planner_debate_L,1,1403237.8,191831,critic-a:mir_operator:AddOp:elementwise_binary,
scaled,planner_debate_L,1,1404092.7,91701,critic-a:mir_operator:RMSNormOp:copy,
scaled,planner_debate_L,1,1420136.9,142227,critic-a:mir_operator:LinearOp:memset,
scaled,planner_debate_L,1,1420279.9,20500,critic-a:mir_operator:LinearOp:gemm,
scaled,planner_debate_L,1,1446131.3,115203,critic-a:mir_operator:LinearOp:memset,
scaled,planner_debate_L,1,1471983.2,143747,critic-a:mir_operator:LinearOp:memset,
scaled,planner_debate_L,1,1498402.8,419500,critic-a:mir_operator:TransposeOp:copy,
scaled,planner_debate_L,1,1506080.8,102311,critic-a:d2h_stage:memcpy,
scaled,planner_debate_L,1,1507603.9,116036484,critic-b:h2d_stage:memcpy,
scaled,planner_debate_L,1,1625006.9,188954,critic-b:weight_init:rng_init,
scaled,planner_debate_L,1,1625250.1,75493,critic-b:mir_operator:RMSNormOp:copy,
scaled,planner_debate_L,1,1641600.0,103071,critic-b:mir_operator:AddOp:elementwise_binary,
scaled,planner_debate_L,1,1642366.9,84933,critic-b:mir_operator:RMSNormOp:copy,
scaled,planner_debate_L,1,1658735.2,229515,critic-b:mir_operator:LinearOp:memset,
scaled,planner_debate_L,1,1658965.5,34068,critic-b:mir_operator:LinearOp:gemm,
scaled,planner_debate_L,1,1684846.4,151739,critic-b:mir_operator:LinearOp:memset,
scaled,planner_debate_L,1,1711961.9,126252,critic-b:mir_operator:LinearOp:memset,
scaled,planner_debate_L,1,1739313.1,362156,critic-b:mir_operator:TransposeOp:copy,
scaled,planner_debate_L,1,1746868.8,102479,critic-b:d2h_stage:memcpy,
scaled,planner_debate_L,1,1748394.8,115769495,critic-merge:h2d_stage:memcpy,
scaled,planner_debate_L,1,1865563.3,187939,critic-merge:weight_init:rng_init,
scaled,planner_debate_L,1,1865804.8,35628,critic-merge:mir_operator:RMSNormOp:copy,
scaled,planner_debate_L,1,1882165.9,153847,critic-merge:mir_operator:AddOp:elementwise_binary,
scaled,planner_debate_L,1,1882979.6,89465,critic-merge:mir_operator:RMSNormOp:copy,
scaled,planner_debate_L,1,1899244.5,159815,critic-merge:mir_operator:LinearOp:memset,
scaled,planner_debate_L,1,1899405.1,21201,critic-merge:mir_operator:LinearOp:gemm,
scaled,planner_debate_L,1,1925653.6,124655,critic-merge:mir_operator:LinearOp:memset,
scaled,planner_debate_L,1,1952057.7,92799,critic-merge:mir_operator:LinearOp:memset,
scaled,planner_debate_L,1,1978543.6,292700,critic-merge:mir_operator:TransposeOp:copy,
scaled,planner_debate_L,1,1986036.5,118543,critic-merge:d2h_stage:memcpy,
scaled,planner_debate_L,1,1987666.7,86950839,planner-final:h2d_stage:memcpy,
scaled,planner_debate_L,1,2075670.0,194860,planner-final:weight_init:rng_init,
scaled,planner_debate_L,1,2075906.0,102889,planner-final:mir_operator:RMSNormOp:copy,
scaled,planner_debate_L,1,2085203.9,112150,planner-final:mir_operator:AddOp:elementwise_binary,
scaled,planner_debate_L,1,2085804.7,84056,planner-final:mir_operator:RMSNormOp:copy,
scaled,planner_debate_L,1,2095562.8,140838,planner-final:mir_operator:LinearOp:gemm,
scaled,planner_debate_L,1,2115634.9,86148,planner-final:mir_operator:LinearOp:gemm,
scaled,planner_debate_L,1,2135872.9,151537,planner-final:mir_operator:LinearOp:gemm,
scaled,planner_debate_L,1,2156258.0,271897,planner-final:mir_operator:TransposeOp:copy,
scaled,planner_debate_L,1,2162606.5,89650,planner-final:d2h_stage:memcpy,
scaled,react_moa_mcts_x3_L,6,39970363.4,186227,react-plan#r0:weight_init:rng_init,
scaled,react_moa_mcts_x3_L,6,39970580.2,78433,react-plan#r0:mir_operator:RMSNormOp:copy,
scaled,react_moa_mcts_x3_L,6,39974858.9,98208,react-plan#r0:mir_operator:AddOp:elementwise_binary,
scaled,react_moa_mcts_x3_L,6,39975443.9,88617,react-plan#r0:mir_operator:RMSNormOp:copy,
scaled,react_moa_mcts_x3_L,6,39979752.5,135573,react-plan#r0:mir_operator:LinearOp:gemm,
scaled,react_moa_mcts_x3_L,6,39991399.6,86150,react-plan#r0:mir_operator:LinearOp:gemm,
scaled,react_moa_mcts_x3_L,6,40003005.4,85258,react-plan#r0:mir_operator:LinearOp:gemm,
scaled,react_moa_mcts_x3_L,6,40014265.9,290202,react-plan#r0:mir_operator:TransposeOp:copy,
scaled,react_moa_mcts_x3_L,6,40019041.7,93656,react-plan#r0:d2h_stage:memcpy,
scaled,react_moa_mcts_x3_L,6,40019966.2,111388377,moa-map0#r0:h2d_stage:memcpy,
scaled,react_moa_mcts_x3_L,6,40132769.1,188882,moa-map0#r0:weight_init:rng_init,
scaled,react_moa_mcts_x3_L,6,40133010.5,41656,moa-map0#r0:mir_operator:RMSNormOp:copy,
scaled,react_moa_mcts_x3_L,6,40149387.5,88883,moa-map0#r0:mir_operator:AddOp:elementwise_binary,
scaled,react_moa_mcts_x3_L,6,40150098.6,67316,moa-map0#r0:mir_operator:RMSNormOp:copy,
scaled,react_moa_mcts_x3_L,6,40166100.9,128599,moa-map0#r0:mir_operator:LinearOp:memset,
scaled,react_moa_mcts_x3_L,6,40166230.3,20000,moa-map0#r0:mir_operator:LinearOp:gemm,
scaled,react_moa_mcts_x3_L,6,40192125.5,73939,moa-map0#r0:mir_operator:LinearOp:memset,
scaled,react_moa_mcts_x3_L,6,40218900.0,72136,moa-map0#r0:mir_operator:LinearOp:memset,
scaled,react_moa_mcts_x3_L,6,40246290.9,291433,moa-map0#r0:mir_operator:TransposeOp:copy,
scaled,react_moa_mcts_x3_L,6,40253829.1,89838,moa-map0#r0:d2h_stage:memcpy,
scaled,react_moa_mcts_x3_L,6,40255341.3,112901442,moa-map1#r0:h2d_stage:memcpy,
scaled,react_moa_mcts_x3_L,6,40369626.8,178881,moa-map1#r0:weight_init:rng_init,
scaled,react_moa_mcts_x3_L,6,40369858.8,30236,moa-map1#r0:mir_operator:RMSNormOp:copy,
scaled,react_moa_mcts_x3_L,6,40385862.8,89111,moa-map1#r0:mir_operator:AddOp:elementwise_binary,
scaled,react_moa_mcts_x3_L,6,40386572.0,73113,moa-map1#r0:mir_operator:RMSNormOp:copy,
scaled,react_moa_mcts_x3_L,6,40402597.0,137611,moa-map1#r0:mir_operator:LinearOp:memset,
scaled,react_moa_mcts_x3_L,6,40428688.3,91888,moa-map1#r0:mir_operator:LinearOp:memset,
scaled,react_moa_mcts_x3_L,6,40454764.1,78228,moa-map1#r0:mir_operator:LinearOp:memset,
scaled,react_moa_mcts_x3_L,6,40480634.2,263136,moa-map1#r0:mir_operator:TransposeOp:copy,
scaled,react_moa_mcts_x3_L,6,40487881.3,85899,moa-map1#r0:d2h_stage:memcpy,
scaled,react_moa_mcts_x3_L,6,40489427.0,112691503,moa-map2#r0:h2d_stage:memcpy,
scaled,react_moa_mcts_x3_L,6,40603616.9,190444,moa-map2#r0:weight_init:rng_init,
scaled,react_moa_mcts_x3_L,6,40603860.9,47560,moa-map2#r0:mir_operator:RMSNormOp:copy,
scaled,react_moa_mcts_x3_L,6,40619887.0,96035,moa-map2#r0:mir_operator:AddOp:elementwise_binary,
scaled,react_moa_mcts_x3_L,6,40620606.2,75393,moa-map2#r0:mir_operator:RMSNormOp:copy,
scaled,react_moa_mcts_x3_L,6,40637019.3,124103,moa-map2#r0:mir_operator:LinearOp:memset,
scaled,react_moa_mcts_x3_L,6,40663090.9,81748,moa-map2#r0:mir_operator:LinearOp:memset,
scaled,react_moa_mcts_x3_L,6,40682090.2,149920,moa-map2#r0:mir_operator:LinearOp:gemm,
scaled,react_moa_mcts_x3_L,6,40689765.6,83849,moa-map2#r0:mir_operator:LinearOp:memset,
scaled,react_moa_mcts_x3_L,6,40717039.5,261789,moa-map2#r0:mir_operator:TransposeOp:copy,
scaled,react_moa_mcts_x3_L,6,40724542.6,88867,moa-map2#r0:d2h_stage:memcpy,
scaled,react_moa_mcts_x3_L,6,40726049.6,113721398,mcts-root#r0:h2d_stage:memcpy,
scaled,react_moa_mcts_x3_L,6,40841145.8,183361,mcts-root#r0:weight_init:rng_init,
scaled,react_moa_mcts_x3_L,6,40841382.1,48664,mcts-root#r0:mir_operator:RMSNormOp:copy,
scaled,react_moa_mcts_x3_L,6,40857754.9,88143,mcts-root#r0:mir_operator:AddOp:elementwise_binary,
scaled,react_moa_mcts_x3_L,6,40858469.0,61289,mcts-root#r0:mir_operator:RMSNormOp:copy,
scaled,react_moa_mcts_x3_L,6,40874720.5,205951,mcts-root#r0:mir_operator:LinearOp:memset,
scaled,react_moa_mcts_x3_L,6,40874927.3,28000,mcts-root#r0:mir_operator:LinearOp:gemm,
scaled,react_moa_mcts_x3_L,6,40900898.4,94220,mcts-root#r0:mir_operator:LinearOp:memset,
scaled,react_moa_mcts_x3_L,6,40927251.9,125485,mcts-root#r0:mir_operator:LinearOp:memset,
scaled,react_moa_mcts_x3_L,6,40954913.9,328609,mcts-root#r0:mir_operator:TransposeOp:copy,
scaled,react_moa_mcts_x3_L,6,40962485.3,90090,mcts-root#r0:d2h_stage:memcpy,
scaled,react_moa_mcts_x3_L,6,40964251.8,116348802,mcts-actor0#r0:h2d_stage:memcpy,
scaled,react_moa_mcts_x3_L,6,41081983.5,185629,mcts-actor0#r0:weight_init:rng_init,
scaled,react_moa_mcts_x3_L,6,41082222.1,49400,mcts-actor0#r0:mir_operator:RMSNormOp:copy,
scaled,react_moa_mcts_x3_L,6,41098280.0,148103,mcts-actor0#r0:mir_operator:AddOp:elementwise_binary,
scaled,react_moa_mcts_x3_L,6,41099070.0,75772,mcts-actor0#r0:mir_operator:RMSNormOp:copy,
scaled,react_moa_mcts_x3_L,6,41115453.7,131651,mcts-actor0#r0:mir_operator:LinearOp:memset,
scaled,react_moa_mcts_x3_L,6,41141186.2,120744,mcts-actor0#r0:mir_operator:LinearOp:memset,
scaled,react_moa_mcts_x3_L,6,41167348.2,95452,mcts-actor0#r0:mir_operator:LinearOp:memset,
scaled,react_moa_mcts_x3_L,6,41193700.8,286641,mcts-actor0#r0:mir_operator:TransposeOp:copy,
scaled,react_moa_mcts_x3_L,6,41198209.2,154171,mcts-actor0#r0:mir_operator:TransposeOp:copy,
scaled,react_moa_mcts_x3_L,6,41201554.5,102147,mcts-actor0#r0:d2h_stage:memcpy,
scaled,react_moa_mcts_x3_L,6,41203135.3,114259360,mcts-actor1#r0:h2d_stage:memcpy,
scaled,react_moa_mcts_x3_L,6,41318761.5,177661,mcts-actor1#r0:weight_init:rng_init,
scaled,react_moa_mcts_x3_L,6,41318993.4,33017,mcts-actor1#r0:mir_operator:RMSNormOp:copy,
scaled,react_moa_mcts_x3_L,6,41335508.7,115834,mcts-actor1#r0:mir_operator:AddOp:elementwise_binary,
scaled,react_moa_mcts_x3_L,6,41336256.7,72612,mcts-actor1#r0:mir_operator:RMSNormOp:copy,
scaled,react_moa_mcts_x3_L,6,41352655.2,152831,mcts-actor1#r0:mir_operator:LinearOp:memset,
scaled,react_moa_mcts_x3_L,6,41352808.8,22300,mcts-actor1#r0:mir_operator:LinearOp:gemm,
scaled,react_moa_mcts_x3_L,6,41378751.7,94655,mcts-actor1#r0:mir_operator:LinearOp:memset,
scaled,react_moa_mcts_x3_L,6,41405024.0,82557,mcts-actor1#r0:mir_operator:LinearOp:memset,
scaled,react_moa_mcts_x3_L,6,41432325.3,267821,mcts-actor1#r0:mir_operator:TransposeOp:copy,
scaled,react_moa_mcts_x3_L,6,41439833.0,92719,mcts-actor1#r0:d2h_stage:memcpy,
scaled,react_moa_mcts_x3_L,6,41441363.4,113728747,moa-reduce#r0:h2d_stage:memcpy,
scaled,react_moa_mcts_x3_L,6,41556471.0,182665,moa-reduce#r0:weight_init:rng_init,
scaled,react_moa_mcts_x3_L,6,41556707.9,43780,moa-reduce#r0:mir_operator:RMSNormOp:copy,
scaled,react_moa_mcts_x3_L,6,41572724.4,112363,moa-reduce#r0:mir_operator:AddOp:elementwise_binary,
scaled,react_moa_mcts_x3_L,6,41573456.6,69253,moa-reduce#r0:mir_operator:RMSNormOp:copy,
scaled,react_moa_mcts_x3_L,6,41589477.2,125575,moa-reduce#r0:mir_operator:LinearOp:memset,
scaled,react_moa_mcts_x3_L,6,41615789.9,101332,moa-reduce#r0:mir_operator:LinearOp:memset,
scaled,react_moa_mcts_x3_L,6,41642154.8,79416,moa-reduce#r0:mir_operator:LinearOp:memset,
scaled,react_moa_mcts_x3_L,6,41668750.4,276897,moa-reduce#r0:mir_operator:TransposeOp:copy,
scaled,react_moa_mcts_x3_L,6,41676272.6,89575,moa-reduce#r0:d2h_stage:memcpy,
scaled,react_moa_mcts_x3_L,6,41677793.1,90738366,react-answer#r0:h2d_stage:memcpy,
scaled,react_moa_mcts_x3_L,6,41769593.0,188728,react-answer#r0:weight_init:rng_init,
scaled,react_moa_mcts_x3_L,6,41769822.1,47401,react-answer#r0:mir_operator:RMSNormOp:copy,
scaled,react_moa_mcts_x3_L,6,41779203.3,94862,react-answer#r0:mir_operator:AddOp:elementwise_binary,
scaled,react_moa_mcts_x3_L,6,41779766.9,81064,react-answer#r0:mir_operator:RMSNormOp:copy,
scaled,react_moa_mcts_x3_L,6,41789569.5,153098,react-answer#r0:mir_operator:LinearOp:gemm,
scaled,react_moa_mcts_x3_L,6,41809241.6,112022,react-answer#r0:mir_operator:LinearOp:gemm,
scaled,react_moa_mcts_x3_L,6,41829210.8,119722,react-answer#r0:mir_operator:LinearOp:gemm,
scaled,react_moa_mcts_x3_L,6,41848828.7,266934,react-answer#r0:mir_operator:TransposeOp:copy,
scaled,react_moa_mcts_x3_L,6,41855063.0,85125,react-answer#r0:d2h_stage:memcpy,
scaled,react_moa_mcts_x3_L,6,41856238.3,117842961,mcts-critic#r0:h2d_stage:memcpy,
scaled,react_moa_mcts_x3_L,6,41975458.2,186413,mcts-critic#r0:weight_init:rng_init,
scaled,react_moa_mcts_x3_L,6,41975711.0,44937,mcts-critic#r0:mir_operator:RMSNormOp:copy,
scaled,react_moa_mcts_x3_L,6,41992151.2,98503,mcts-critic#r0:mir_operator:AddOp:elementwise_binary,
scaled,react_moa_mcts_x3_L,6,41992901.1,76004,mcts-critic#r0:mir_operator:RMSNormOp:copy,
scaled,react_moa_mcts_x3_L,6,42009410.4,160327,mcts-critic#r0:mir_operator:LinearOp:memset,
scaled,react_moa_mcts_x3_L,6,42009571.5,21101,mcts-critic#r0:mir_operator:LinearOp:gemm,
scaled,react_moa_mcts_x3_L,6,42035861.8,100359,mcts-critic#r0:mir_operator:LinearOp:memset,
scaled,react_moa_mcts_x3_L,6,42061938.3,102488,mcts-critic#r0:mir_operator:LinearOp:memset,
scaled,react_moa_mcts_x3_L,6,42088304.8,340837,mcts-critic#r0:mir_operator:TransposeOp:copy,
scaled,react_moa_mcts_x3_L,6,42095911.9,92891,mcts-critic#r0:d2h_stage:memcpy,
scaled,react_moa_mcts_x3_L,6,42097434.4,66713610,react-plan#r1:h2d_stage:memcpy,
scaled,react_moa_mcts_x3_L,6,42164930.4,181560,react-plan#r1:weight_init:rng_init,
scaled,react_moa_mcts_x3_L,6,42165142.4,66429,react-plan#r1:mir_operator:RMSNormOp:copy,
scaled,react_moa_mcts_x3_L,6,42169527.4,147941,react-plan#r1:mir_operator:AddOp:elementwise_binary,
scaled,react_moa_mcts_x3_L,6,42170108.0,82316,react-plan#r1:mir_operator:RMSNormOp:copy,
scaled,react_moa_mcts_x3_L,6,42174347.3,133209,react-plan#r1:mir_operator:LinearOp:gemm,
scaled,react_moa_mcts_x3_L,6,42186008.1,76450,react-plan#r1:mir_operator:LinearOp:gemm,
scaled,react_moa_mcts_x3_L,6,42197255.2,70466,react-plan#r1:mir_operator:LinearOp:gemm,
scaled,react_moa_mcts_x3_L,6,42208886.8,289819,react-plan#r1:mir_operator:TransposeOp:copy,
scaled,react_moa_mcts_x3_L,6,42213200.1,92548,react-plan#r1:d2h_stage:memcpy,
scaled,react_moa_mcts_x3_L,6,42214120.1,114145973,moa-map0#r1:h2d_stage:memcpy,
scaled,react_moa_mcts_x3_L,6,42330151.4,196080,moa-map0#r1:weight_init:rng_init,
scaled,react_moa_mcts_x3_L,6,42330399.8,49120,moa-map0#r1:mir_operator:RMSNormOp:copy,
scaled,react_moa_mcts_x3_L,6,42346470.4,178607,moa-map0#r1:mir_operator:AddOp:elementwise_binary,
scaled,react_moa_mcts_x3_L,6,42347290.7,89568,moa-map0#r1:mir_operator:RMSNormOp:copy,
scaled,react_moa_mcts_x3_L,6,42363376.4,148187,moa-map0#r1:mir_operator:LinearOp:memset,
scaled,react_moa_mcts_x3_L,6,42363525.4,21268,moa-map0#r1:mir_operator:LinearOp:gemm,
scaled,react_moa_mcts_x3_L,6,42389432.1,94475,moa-map0#r1:mir_operator:LinearOp:memset,
scaled,react_moa_mcts_x3_L,6,42415875.8,102298,moa-map0#r1:mir_operator:LinearOp:memset,
scaled,react_moa_mcts_x3_L,6,42442038.3,291824,moa-map0#r1:mir_operator:TransposeOp:copy,
scaled,react_moa_mcts_x3_L,6,42450015.0,86147,moa-map0#r1:d2h_stage:memcpy,
scaled,react_moa_mcts_x3_L,6,42451522.0,117450514,moa-map1#r1:h2d_stage:memcpy,
scaled,react_moa_mcts_x3_L,6,42570375.3,184662,moa-map1#r1:weight_init:rng_init,
scaled,react_moa_mcts_x3_L,6,42570614.3,53221,moa-map1#r1:mir_operator:RMSNormOp:copy,
scaled,react_moa_mcts_x3_L,6,42587100.4,105847,moa-map1#r1:mir_operator:AddOp:elementwise_binary,
scaled,react_moa_mcts_x3_L,6,42587833.4,74837,moa-map1#r1:mir_operator:RMSNormOp:copy,
scaled,react_moa_mcts_x3_L,6,42604138.3,161295,moa-map1#r1:mir_operator:LinearOp:memset,
scaled,react_moa_mcts_x3_L,6,42604300.4,21468,moa-map1#r1:mir_operator:LinearOp:gemm,
scaled,react_moa_mcts_x3_L,6,42630368.2,216300,moa-map1#r1:mir_operator:LinearOp:memset,
scaled,react_moa_mcts_x3_L,6,42657517.2,95241,moa-map1#r1:mir_operator:LinearOp:memset,
scaled,react_moa_mcts_x3_L,6,42685232.4,283629,moa-map1#r1:mir_operator:TransposeOp:copy,
scaled,react_moa_mcts_x3_L,6,42692759.3,91338,moa-map1#r1:d2h_stage:memcpy,
scaled,react_moa_mcts_x3_L,6,42694286.5,115508907,moa-map2#r1:h2d_stage:memcpy,
scaled,react_moa_mcts_x3_L,6,42811208.7,181066,moa-map2#r1:weight_init:rng_init,
scaled,react_moa_mcts_x3_L,6,42811443.5,47933,moa-map2#r1:mir_operator:RMSNormOp:copy,
scaled,react_moa_mcts_x3_L,6,42827944.7,100410,moa-map2#r1:mir_operator:AddOp:elementwise_binary,
scaled,react_moa_mcts_x3_L,6,42828668.0,70113,moa-map2#r1:mir_operator:RMSNormOp:copy,
scaled,react_moa_mcts_x3_L,6,42844685.4,123207,moa-map2#r1:mir_operator:LinearOp:memset,
scaled,react_moa_mcts_x3_L,6,42870725.7,79824,moa-map2#r1:mir_operator:LinearOp:memset,
scaled,react_moa_mcts_x3_L,6,42898104.6,76336,moa-map2#r1:mir_operator:LinearOp:memset,
scaled,react_moa_mcts_x3_L,6,42925181.0,282656,moa-map2#r1:mir_operator:TransposeOp:copy,
scaled,react_moa_mcts_x3_L,6,42932658.2,97635,moa-map2#r1:d2h_stage:memcpy,
scaled,react_moa_mcts_x3_L,6,42934512.6,118434388,mcts-root#r1:h2d_stage:memcpy,
scaled,react_moa_mcts_x3_L,6,43054319.2,181253,mcts-root#r1:weight_init:rng_init,
scaled,react_moa_mcts_x3_L,6,43054553.9,33049,mcts-root#r1:mir_operator:RMSNormOp:copy,
scaled,react_moa_mcts_x3_L,6,43071022.5,94563,mcts-root#r1:mir_operator:AddOp:elementwise_binary,
scaled,react_moa_mcts_x3_L,6,43071740.3,71660,mcts-root#r1:mir_operator:RMSNormOp:copy,
scaled,react_moa_mcts_x3_L,6,43088195.7,130771,mcts-root#r1:mir_operator:LinearOp:memset,
scaled,react_moa_mcts_x3_L,6,43088327.3,20100,mcts-root#r1:mir_operator:LinearOp:gemm,
scaled,react_moa_mcts_x3_L,6,43114608.1,97759,mcts-root#r1:mir_operator:LinearOp:memset,
scaled,react_moa_mcts_x3_L,6,43140710.4,77192,mcts-root#r1:mir_operator:LinearOp:memset,
scaled,react_moa_mcts_x3_L,6,43167713.2,293901,mcts-root#r1:mir_operator:TransposeOp:copy,
scaled,react_moa_mcts_x3_L,6,43175247.4,91847,mcts-root#r1:d2h_stage:memcpy,
scaled,react_moa_mcts_x3_L,6,43176782.2,116708334,mcts-actor0#r1:h2d_stage:memcpy,
scaled,react_moa_mcts_x3_L,6,43294907.5,188654,mcts-actor0#r1:weight_init:rng_init,
scaled,react_moa_mcts_x3_L,6,43295149.5,42845,mcts-actor0#r1:mir_operator:RMSNormOp:copy,
scaled,react_moa_mcts_x3_L,6,43311655.3,94115,mcts-actor0#r1:mir_operator:AddOp:elementwise_binary,
scaled,react_moa_mcts_x3_L,6,43312373.9,65789,mcts-actor0#r1:mir_operator:RMSNormOp:copy,
scaled,react_moa_mcts_x3_L,6,43328835.7,127226,mcts-actor0#r1:mir_operator:LinearOp:memset,
scaled,react_moa_mcts_x3_L,6,43354952.2,85312,mcts-actor0#r1:mir_operator:LinearOp:memset,
scaled,react_moa_mcts_x3_L,6,43381447.1,85712,mcts-actor0#r1:mir_operator:LinearOp:memset,
scaled,react_moa_mcts_x3_L,6,43407578.5,343908,mcts-actor0#r1:mir_operator:TransposeOp:copy,
scaled,react_moa_mcts_x3_L,6,43414958.8,108363,mcts-actor0#r1:d2h_stage:memcpy,
scaled,react_moa_mcts_x3_L,6,43416497.8,119679087,mcts-actor1#r1:h2d_stage:memcpy,
scaled,react_moa_mcts_x3_L,6,43537645.6,186939,mcts-actor1#r1:weight_init:rng_init,
scaled,react_moa_mcts_x3_L,6,43537886.2,61696,mcts-actor1#r1:mir_operator:RMSNormOp:copy,
scaled,react_moa_mcts_x3_L,6,43553931.8,120423,mcts-actor1#r1:mir_operator:AddOp:elementwise_binary,
scaled,react_moa_mcts_x3_L,6,43554681.9,75373,mcts-actor1#r1:mir_operator:RMSNormOp:copy,
scaled,react_moa_mcts_x3_L,6,43571162.0,140987,mcts-actor1#r1:mir_operator:LinearOp:memset,
scaled,react_moa_mcts_x3_L,6,43596908.8,112819,mcts-actor1#r1:mir_operator:LinearOp:memset,
scaled,react_moa_mcts_x3_L,6,43623046.7,109396,mcts-actor1#r1:mir_operator:LinearOp:memset,
scaled,react_moa_mcts_x3_L,6,43650058.3,295956,mcts-actor1#r1:mir_operator:TransposeOp:copy,
scaled,react_moa_mcts_x3_L,6,43657598.0,95363,mcts-actor1#r1:d2h_stage:memcpy,
scaled,react_moa_mcts_x3_L,6,43659176.9,115239723,moa-reduce#r1:h2d_stage:memcpy,
scaled,react_moa_mcts_x3_L,6,43775794.1,188637,moa-reduce#r1:weight_init:rng_init,
scaled,react_moa_mcts_x3_L,6,43776036.1,38244,moa-reduce#r1:mir_operator:RMSNormOp:copy,
scaled,react_moa_mcts_x3_L,6,43792383.0,103046,moa-reduce#r1:mir_operator:AddOp:elementwise_binary,
scaled,react_moa_mcts_x3_L,6,43793112.9,65049,moa-reduce#r1:mir_operator:RMSNormOp:copy,
scaled,react_moa_mcts_x3_L,6,43809382.8,126763,moa-reduce#r1:mir_operator:LinearOp:memset,
scaled,react_moa_mcts_x3_L,6,43835475.2,81792,moa-reduce#r1:mir_operator:LinearOp:memset,
scaled,react_moa_mcts_x3_L,6,43862058.6,76610,moa-reduce#r1:mir_operator:LinearOp:memset,
scaled,react_moa_mcts_x3_L,6,43888967.3,259169,moa-reduce#r1:mir_operator:TransposeOp:copy,
scaled,react_moa_mcts_x3_L,6,43896582.7,156546,moa-reduce#r1:d2h_stage:memcpy,
scaled,react_moa_mcts_x3_L,6,43898157.2,87506962,react-answer#r1:h2d_stage:memcpy,
scaled,react_moa_mcts_x3_L,6,43986708.7,164387,react-answer#r1:weight_init:rng_init,
scaled,react_moa_mcts_x3_L,6,43986913.4,39196,react-answer#r1:mir_operator:RMSNormOp:copy,
scaled,react_moa_mcts_x3_L,6,43996277.2,82658,react-answer#r1:mir_operator:AddOp:elementwise_binary,
scaled,react_moa_mcts_x3_L,6,43996823.4,70924,react-answer#r1:mir_operator:RMSNormOp:copy,
scaled,react_moa_mcts_x3_L,6,44006634.7,140977,react-answer#r1:mir_operator:LinearOp:gemm,
scaled,react_moa_mcts_x3_L,6,44026315.6,113466,react-answer#r1:mir_operator:LinearOp:gemm,
scaled,react_moa_mcts_x3_L,6,44046772.6,111478,react-answer#r1:mir_operator:LinearOp:gemm,
scaled,react_moa_mcts_x3_L,6,44067143.1,314826,react-answer#r1:mir_operator:TransposeOp:copy,
scaled,react_moa_mcts_x3_L,6,44073218.5,107705,react-answer#r1:d2h_stage:memcpy,
scaled,react_moa_mcts_x3_L,6,44074466.3,125500237,mcts-critic#r1:h2d_stage:memcpy,
scaled,react_moa_mcts_x3_L,6,44201496.7,207473,mcts-critic#r1:weight_init:rng_init,
scaled,react_moa_mcts_x3_L,6,44201756.9,52169,mcts-critic#r1:mir_operator:RMSNormOp:copy,
scaled,react_moa_mcts_x3_L,6,44218160.0,121599,mcts-critic#r1:mir_operator:AddOp:elementwise_binary,
scaled,react_moa_mcts_x3_L,6,44218906.7,74445,mcts-critic#r1:mir_operator:RMSNormOp:copy,
scaled,react_moa_mcts_x3_L,6,44235307.3,162615,mcts-critic#r1:mir_operator:LinearOp:memset,
scaled,react_moa_mcts_x3_L,6,44235470.7,22400,mcts-critic#r1:mir_operator:LinearOp:gemm,
scaled,react_moa_mcts_x3_L,6,44261063.7,104855,mcts-critic#r1:mir_operator:LinearOp:memset,
scaled,react_moa_mcts_x3_L,6,44288051.3,117833,mcts-critic#r1:mir_operator:LinearOp:memset,
scaled,react_moa_mcts_x3_L,6,44315636.5,275017,mcts-critic#r1:mir_operator:TransposeOp:copy,
scaled,react_moa_mcts_x3_L,6,44323671.4,88323,mcts-critic#r1:d2h_stage:memcpy,
scaled,react_moa_mcts_x3_L,6,44325193.4,66470651,react-plan#r2:h2d_stage:memcpy,
scaled,react_moa_mcts_x3_L,6,44392443.4,167195,react-plan#r2:weight_init:rng_init,
scaled,react_moa_mcts_x3_L,6,44392642.1,48076,react-plan#r2:mir_operator:RMSNormOp:copy,
scaled,react_moa_mcts_x3_L,6,44396959.3,88160,react-plan#r2:mir_operator:AddOp:elementwise_binary,
scaled,react_moa_mcts_x3_L,6,44397548.7,87600,react-plan#r2:mir_operator:RMSNormOp:copy,
scaled,react_moa_mcts_x3_L,6,44401828.1,125228,react-plan#r2:mir_operator:LinearOp:gemm,
scaled,react_moa_mcts_x3_L,6,44413184.8,93742,react-plan#r2:mir_operator:LinearOp:gemm,
scaled,react_moa_mcts_x3_L,6,44424431.4,76175,react-plan#r2:mir_operator:LinearOp:gemm,
scaled,react_moa_mcts_x3_L,6,44436043.8,231134,react-plan#r2:mir_operator:TransposeOp:copy,
scaled,react_moa_mcts_x3_L,6,44440304.3,81072,react-plan#r2:d2h_stage:memcpy,
scaled,react_moa_mcts_x3_L,6,44441192.9,114154204,moa-map0#r2:h2d_stage:memcpy,
scaled,react_moa_mcts_x3_L,6,44556724.9,188284,moa-map0#r2:weight_init:rng_init,
scaled,react_moa_mcts_x3_L,6,44556966.3,37153,moa-map0#r2:mir_operator:RMSNormOp:copy,
scaled,react_moa_mcts_x3_L,6,44573316.4,106439,moa-map0#r2:mir_operator:AddOp:elementwise_binary,
scaled,react_moa_mcts_x3_L,6,44574052.4,72741,moa-map0#r2:mir_operator:RMSNormOp:copy,
scaled,react_moa_mcts_x3_L,6,44590570.7,147107,moa-map0#r2:mir_operator:LinearOp:memset,
scaled,react_moa_mcts_x3_L,6,44616930.0,86727,moa-map0#r2:mir_operator:LinearOp:memset,
scaled,react_moa_mcts_x3_L,6,44643072.2,82084,moa-map0#r2:mir_operator:LinearOp:memset,
scaled,react_moa_mcts_x3_L,6,44669213.9,255512,moa-map0#r2:mir_operator:TransposeOp:copy,
scaled,react_moa_mcts_x3_L,6,44676343.6,84447,moa-map0#r2:d2h_stage:memcpy,
scaled,react_moa_mcts_x3_L,6,44677868.9,114794115,moa-map1#r2:h2d_stage:memcpy,
scaled,react_moa_mcts_x3_L,6,44794114.0,193903,moa-map1#r2:weight_init:rng_init,
scaled,react_moa_mcts_x3_L,6,44794361.5,50993,moa-map1#r2:mir_operator:RMSNormOp:copy,
scaled,react_moa_mcts_x3_L,6,44800731.7,143648,moa-map1#r2:mir_operator:RMSNormOp:elementwise_unary,
scaled,react_moa_mcts_x3_L,6,44810566.4,137807,moa-map1#r2:mir_operator:AddOp:elementwise_binary,
scaled,react_moa_mcts_x3_L,6,44811327.2,77660,moa-map1#r2:mir_operator:RMSNormOp:copy,
scaled,react_moa_mcts_x3_L,6,44827322.4,142459,moa-map1#r2:mir_operator:LinearOp:memset,
scaled,react_moa_mcts_x3_L,6,44827465.7,20568,moa-map1#r2:mir_operator:LinearOp:gemm,
scaled,react_moa_mcts_x3_L,6,44853418.6,200776,moa-map1#r2:mir_operator:LinearOp:memset,
scaled,react_moa_mcts_x3_L,6,44853620.2,31768,moa-map1#r2:mir_operator:LinearOp:gemm,
scaled,react_moa_mcts_x3_L,6,44879311.6,116288,moa-map1#r2:mir_operator:LinearOp:memset,
scaled,react_moa_mcts_x3_L,6,44906368.9,266381,moa-map1#r2:mir_operator:TransposeOp:copy,
scaled,react_moa_mcts_x3_L,6,44913926.3,89491,moa-map1#r2:d2h_stage:memcpy,
scaled,react_moa_mcts_x3_L,6,44915451.8,113964178,moa-map2#r2:h2d_stage:memcpy,
scaled,react_moa_mcts_x3_L,6,45030794.7,188757,moa-map2#r2:weight_init:rng_init,
scaled,react_moa_mcts_x3_L,6,45031036.3,56996,moa-map2#r2:mir_operator:RMSNormOp:copy,
scaled,react_moa_mcts_x3_L,6,45047072.6,104467,moa-map2#r2:mir_operator:AddOp:elementwise_binary,
scaled,react_moa_mcts_x3_L,6,45047803.9,74661,moa-map2#r2:mir_operator:RMSNormOp:copy,
scaled,react_moa_mcts_x3_L,6,45063811.4,143807,moa-map2#r2:mir_operator:LinearOp:memset,
scaled,react_moa_mcts_x3_L,6,45063956.0,20800,moa-map2#r2:mir_operator:LinearOp:gemm,
scaled,react_moa_mcts_x3_L,6,45089927.7,97563,moa-map2#r2:mir_operator:LinearOp:memset,
scaled,react_moa_mcts_x3_L,6,45116706.5,154549,moa-map2#r2:mir_operator:LinearOp:memset,
scaled,react_moa_mcts_x3_L,6,45144296.7,287949,moa-map2#r2:mir_operator:TransposeOp:copy,
scaled,react_moa_mcts_x3_L,6,45148805.9,153583,moa-map2#r2:mir_operator:TransposeOp:copy,
scaled,react_moa_mcts_x3_L,6,45152152.5,85647,moa-map2#r2:d2h_stage:memcpy,
scaled,react_moa_mcts_x3_L,6,45153686.7,113594971,mcts-root#r2:h2d_stage:memcpy,
scaled,react_moa_mcts_x3_L,6,45268647.8,179096,mcts-root#r2:weight_init:rng_init,
scaled,react_moa_mcts_x3_L,6,45268880.1,37841,mcts-root#r2:mir_operator:RMSNormOp:copy,
scaled,react_moa_mcts_x3_L,6,45285258.3,115251,mcts-root#r2:mir_operator:AddOp:elementwise_binary,
scaled,react_moa_mcts_x3_L,6,45285995.4,84128,mcts-root#r2:mir_operator:RMSNormOp:copy,
scaled,react_moa_mcts_x3_L,6,45302036.7,136846,mcts-root#r2:mir_operator:LinearOp:memset,
scaled,react_moa_mcts_x3_L,6,45328070.0,98312,mcts-root#r2:mir_operator:LinearOp:memset,
scaled,react_moa_mcts_x3_L,6,45354191.7,102835,mcts-root#r2:mir_operator:LinearOp:memset,
scaled,react_moa_mcts_x3_L,6,45380397.7,275836,mcts-root#r2:mir_operator:TransposeOp:copy,
scaled,react_moa_mcts_x3_L,6,45387733.8,94347,mcts-root#r2:d2h_stage:memcpy,
scaled,react_moa_mcts_x3_L,6,45389256.7,113963434,mcts-actor0#r2:h2d_stage:memcpy,
scaled,react_moa_mcts_x3_L,6,45504605.5,196733,mcts-actor0#r2:weight_init:rng_init,
scaled,react_moa_mcts_x3_L,6,45504855.7,41921,mcts-actor0#r2:mir_operator:RMSNormOp:copy,
scaled,react_moa_mcts_x3_L,6,45520871.3,88711,mcts-actor0#r2:mir_operator:AddOp:elementwise_binary,
scaled,react_moa_mcts_x3_L,6,45521581.5,69569,mcts-actor0#r2:mir_operator:RMSNormOp:copy,
scaled,react_moa_mcts_x3_L,6,45538085.7,138319,mcts-actor0#r2:mir_operator:LinearOp:memset,
scaled,react_moa_mcts_x3_L,6,45563866.0,84920,mcts-actor0#r2:mir_operator:LinearOp:memset,
scaled,react_moa_mcts_x3_L,6,45590753.9,74485,mcts-actor0#r2:mir_operator:LinearOp:memset,
scaled,react_moa_mcts_x3_L,6,45618063.4,301477,mcts-actor0#r2:mir_operator:TransposeOp:copy,
scaled,react_moa_mcts_x3_L,6,45625606.4,91839,mcts-actor0#r2:d2h_stage:memcpy,
scaled,react_moa_mcts_x3_L,6,45627151.3,115662391,mcts-actor1#r2:h2d_stage:memcpy,
scaled,react_moa_mcts_x3_L,6,45744200.2,200781,mcts-actor1#r2:weight_init:rng_init,
scaled,react_moa_mcts_x3_L,6,45744454.5,65148,mcts-actor1#r2:mir_operator:RMSNormOp:copy,
scaled,react_moa_mcts_x3_L,6,45760863.0,100900,mcts-actor1#r2:mir_operator:AddOp:elementwise_binary,
scaled,react_moa_mcts_x3_L,6,45761584.3,78140,mcts-actor1#r2:mir_operator:RMSNormOp:copy,
scaled,react_moa_mcts_x3_L,6,45777584.6,134363,mcts-actor1#r2:mir_operator:LinearOp:memset,
scaled,react_moa_mcts_x3_L,6,45803987.1,110447,mcts-actor1#r2:mir_operator:LinearOp:memset,
scaled,react_moa_mcts_x3_L,6,45830382.1,85369,mcts-actor1#r2:mir_operator:LinearOp:memset,
scaled,react_moa_mcts_x3_L,6,45857387.2,293448,mcts-actor1#r2:mir_operator:TransposeOp:copy,
scaled,react_moa_mcts_x3_L,6,45864905.7,97003,mcts-actor1#r2:d2h_stage:memcpy,
scaled,react_moa_mcts_x3_L,6,45866487.6,113359384,moa-reduce#r2:h2d_stage:memcpy,
scaled,react_moa_mcts_x3_L,6,45981243.8,199241,moa-reduce#r2:weight_init:rng_init,
scaled,react_moa_mcts_x3_L,6,45981496.7,43197,moa-reduce#r2:mir_operator:RMSNormOp:copy,
scaled,react_moa_mcts_x3_L,6,45997524.8,115242,moa-reduce#r2:mir_operator:AddOp:elementwise_binary,
scaled,react_moa_mcts_x3_L,6,45998266.5,74272,moa-reduce#r2:mir_operator:RMSNormOp:copy,
scaled,react_moa_mcts_x3_L,6,46014272.0,135151,moa-reduce#r2:mir_operator:LinearOp:memset,
scaled,react_moa_mcts_x3_L,6,46014408.0,20600,moa-reduce#r2:mir_operator:LinearOp:gemm,
scaled,react_moa_mcts_x3_L,6,46040687.3,84732,moa-reduce#r2:mir_operator:LinearOp:memset,
scaled,react_moa_mcts_x3_L,6,46066462.5,92868,moa-reduce#r2:mir_operator:LinearOp:memset,
scaled,react_moa_mcts_x3_L,6,46093243.2,298554,moa-reduce#r2:mir_operator:TransposeOp:copy,
scaled,react_moa_mcts_x3_L,6,46101257.9,85351,moa-reduce#r2:d2h_stage:memcpy,
scaled,react_moa_mcts_x3_L,6,46102768.2,85140146,react-answer#r2:h2d_stage:memcpy,
scaled,react_moa_mcts_x3_L,6,46188953.2,182435,react-answer#r2:weight_init:rng_init,
scaled,react_moa_mcts_x3_L,6,46189176.1,46600,react-answer#r2:mir_operator:RMSNormOp:copy,
scaled,react_moa_mcts_x3_L,6,46198548.4,107958,react-answer#r2:mir_operator:AddOp:elementwise_binary,
scaled,react_moa_mcts_x3_L,6,46199158.5,87389,react-answer#r2:mir_operator:RMSNormOp:copy,
scaled,react_moa_mcts_x3_L,6,46208983.6,159626,react-answer#r2:mir_operator:LinearOp:gemm,
scaled,react_moa_mcts_x3_L,6,46228677.2,77546,react-answer#r2:mir_operator:LinearOp:gemm,
scaled,react_moa_mcts_x3_L,6,46248742.1,150802,react-answer#r2:mir_operator:LinearOp:gemm,
scaled,react_moa_mcts_x3_L,6,46268501.7,255282,react-answer#r2:mir_operator:TransposeOp:copy,
scaled,react_moa_mcts_x3_L,6,46274324.0,90049,react-answer#r2:d2h_stage:memcpy,
scaled,react_moa_mcts_x3_L,6,46275515.7,110191305,mcts-critic#r2:h2d_stage:memcpy,
scaled,react_moa_mcts_x3_L,6,46387086.9,164173,mcts-critic#r2:weight_init:rng_init,
scaled,react_moa_mcts_x3_L,6,46403283.5,87967,mcts-critic#r2:mir_operator:AddOp:elementwise_binary,
scaled,react_moa_mcts_x3_L,6,46403998.4,63036,mcts-critic#r2:mir_operator:RMSNormOp:copy,
scaled,react_moa_mcts_x3_L,6,46416666.3,145226,mcts-critic#r2:mir_operator:RMSNormOp:elementwise_unary,
scaled,react_moa_mcts_x3_L,6,46420188.8,116886,mcts-critic#r2:mir_operator:LinearOp:memset,
scaled,react_moa_mcts_x3_L,6,46445894.0,78915,mcts-critic#r2:mir_operator:LinearOp:memset,
scaled,react_moa_mcts_x3_L,6,46471993.7,71792,mcts-critic#r2:mir_operator:LinearOp:memset,
scaled,react_moa_mcts_x3_L,6,46497790.8,276683,mcts-critic#r2:mir_operator:TransposeOp:copy,
scaled,react_moa_mcts_x3_L,6,46505327.8,89719,mcts-critic#r2:d2h_stage:memcpy,
