workload,launch_order,call_id,matrix_size,process,op_index,op_type,family,kernel_name,grid,block,ncu_status,ncu_replay_us,nsys_gpu_us,sm_throughput_pct,tensor_pipe_active_pct,dram_cycles_active_pct,dram_bw_pct_of_peak,dram_read_bytes,dram_write_bytes,l2_throughput_pct,l2_hit_rate_pct,l1_throughput_pct,achieved_occupancy_pct,theoretical_occupancy_pct,waves_per_sm,registers_per_thread,gemm_tflops_from_replay,dominant_stalls,hardware_bottleneck_interpretation
react_tool_L_it1,2,plan,3072,weight_init,,,rng_init,"void at::<unnamed>::distribution_elementwise_grid_stride_kernel<float, 4, void templates::normal_and","(768, 1, 1)","(256, 1, 1)",profiled,20.928,20.54,68.587451,0.0,35.215771,0.0,10112.0,7222272.0,37.293146,100.151577,18.043268,67.70067,100.0,1.0,40.0,,not_selected=3.78; math_pipe_throttle=2.17; wait=1.65,SM-issue-bound
react_tool_L_it1,3,plan,3072,weight_init,,,elementwise_binary,"void at::vectorized_elementwise_kernel<8, at::BUnaryFunctor<c10::Half, c10::Half, c10::Half, binary_","(9216, 1, 1)","(128, 1, 1)",profiled,26.496,11.36,5.015253,0.0,88.531486,0.0,18879616.0,4125312.0,33.295437,50.275125,19.32607,84.672942,100.0,6.0,20.0,,long_scoreboard=170.44; drain=18.31; short_scoreboard=2.94,DRAM-bandwidth-bound
react_tool_L_it1,4,plan,3072,mir_operator:RMSNormOp,6,RMSNormOp,copy,void at::unrolled_elementwise_kernel<at::direct_copy_kernel_cuda(at::TensorIteratorBase &)::[lambda(,"(9216, 1, 1)","(128, 1, 1)",profiled,39.424,53.92,23.15296,0.0,79.933097,0.0,18938880.0,12014080.0,45.794485,67.069709,19.781918,92.016412,100.0,6.0,38.0,,long_scoreboard=20.83; wait=4.58; selected=1.00,DRAM-bandwidth-bound
react_tool_L_it1,5,plan,3072,mir_operator:RMSNormOp,6,RMSNormOp,elementwise_unary,"void at::vectorized_elementwise_kernel<4, void at::<unnamed>::pow_tensor_scalar_kernel_impl<float, f","(9216, 1, 1)","(128, 1, 1)",profiled,57.888,36.96,1.994187,0.0,92.936789,0.0,37754496.0,15097600.0,30.533758,50.139028,14.706005,76.166587,100.0,6.0,20.0,,long_scoreboard=313.59; drain=82.26; mio_throttle=42.29,DRAM-bandwidth-bound
react_tool_L_it1,6,plan,3072,mir_operator:RMSNormOp,6,RMSNormOp,reduce,"void at::reduce_kernel<512, 1, at::ReduceOp<float, at::MeanOps<float, float, float, float>, unsigned","(192, 1, 1)","(32, 16, 1)",profiled,44.8,11.58,2.365024,0.0,87.44185,0.0,37799424.0,695808.0,33.719303,1.707723,8.840437,49.889181,100.0,0.5,26.0,,long_scoreboard=215.55; barrier=15.63; imc_miss=4.71,DRAM-bandwidth-bound
react_tool_L_it1,7,plan,3072,mir_operator:RMSNormOp,6,RMSNormOp,elementwise_binary,"void at::vectorized_elementwise_kernel<4, at::CUDAFunctorOnSelf_add<float>, std::array<char *, 2>>(i","(3, 1, 1)","(128, 1, 1)",profiled,1.824,1.73,0.020738,0.0,0.971086,0.0,17024.0,0.0,1.017058,91.557753,27.695636,8.248437,100.0,0.0,20.0,,imc_miss=25.87; long_scoreboard=21.05; no_instruction=2.94,"latency/launch-bound: 0.00 waves per SM, no unit above 30 % of peak"
react_tool_L_it1,8,plan,3072,mir_operator:RMSNormOp,6,RMSNormOp,elementwise_unary,"void at::vectorized_elementwise_kernel<4, at::rsqrt_kernel_cuda(at::TensorIteratorBase &)::[lambda()","(3, 1, 1)","(128, 1, 1)",profiled,1.888,1.12,0.031452,0.0,1.020263,0.0,18304.0,0.0,1.148357,83.267657,24.276908,8.032704,100.0,0.0,26.0,,imc_miss=16.65; long_scoreboard=12.31; wait=1.96,"latency/launch-bound: 0.00 waves per SM, no unit above 30 % of peak"
react_tool_L_it1,9,plan,3072,mir_operator:RMSNormOp,6,RMSNormOp,elementwise_binary,"void at::elementwise_kernel<128, 2, void at::gpu_kernel_impl_nocast<at::BinaryFunctor<float, float, ","(36864, 1, 1)","(128, 1, 1)",profiled,66.88,24.64,17.189946,0.0,92.736966,0.0,37772160.0,23171072.0,28.01301,50.578308,15.231066,85.842333,100.0,24.0,16.0,,long_scoreboard=52.00; wait=2.38; selected=1.00,DRAM-bandwidth-bound
react_tool_L_it1,10,plan,3072,mir_operator:RMSNormOp,6,RMSNormOp,copy,"void at::vectorized_elementwise_kernel<8, at::float16_copy_kernel_cuda(at::TensorIteratorBase &)::[l","(9216, 1, 1)","(128, 1, 1)",profiled,44.0,13.5,2.093281,0.0,92.126493,0.0,37753472.0,2064512.0000000002,34.328238,33.591175,10.885327,82.945819,100.0,6.0,22.0,,long_scoreboard=469.98; drain=102.84; short_scoreboard=46.14,DRAM-bandwidth-bound
react_tool_L_it1,11,plan,3072,mir_operator:AddOp,7,AddOp,elementwise_binary,"void at::vectorized_elementwise_kernel<8, at::CUDAFunctorOnSelf_add<c10::Half>, std::array<char *, 2","(9216, 1, 1)","(128, 1, 1)",profiled,26.24,11.42,5.214286,0.0,89.22064,0.0,18879616.0,4085120.0,33.634652,50.282596,19.076416,85.081722,100.0,6.0,22.0,,long_scoreboard=166.15; drain=17.68; short_scoreboard=3.05,DRAM-bandwidth-bound
react_tool_L_it1,12,plan,3072,mir_operator:RMSNormOp,8,RMSNormOp,copy,void at::unrolled_elementwise_kernel<at::direct_copy_kernel_cuda(at::TensorIteratorBase &)::[lambda(,"(9216, 1, 1)","(128, 1, 1)",profiled,40.352,36.13,24.68287,0.0,80.954226,0.0,18936192.0,13154944.0,44.702218,67.027526,21.07274,92.33983,100.0,6.0,38.0,,long_scoreboard=20.61; wait=4.58; no_instruction=1.04,DRAM-bandwidth-bound
react_tool_L_it1,13,plan,3072,mir_operator:RMSNormOp,8,RMSNormOp,elementwise_unary,"void at::vectorized_elementwise_kernel<4, void at::<unnamed>::pow_tensor_scalar_kernel_impl<float, f","(9216, 1, 1)","(128, 1, 1)",profiled,53.184,37.82,1.963519,0.0,93.120588,0.0,37754112.0,10877184.0,32.858198,50.135808,14.480587,77.343082,100.0,6.0,20.0,,long_scoreboard=315.14; drain=81.64; mio_throttle=43.87,DRAM-bandwidth-bound
react_tool_L_it1,14,plan,3072,mir_operator:RMSNormOp,8,RMSNormOp,reduce,"void at::reduce_kernel<512, 1, at::ReduceOp<float, at::MeanOps<float, float, float, float>, unsigned","(192, 1, 1)","(32, 16, 1)",profiled,43.68,11.29,2.367385,0.0,88.277967,0.0,37799424.0,65920.0,34.763267,1.747076,8.864455,49.885815,100.0,0.5,26.0,,long_scoreboard=215.92; barrier=15.60; imc_miss=4.74,DRAM-bandwidth-bound
react_tool_L_it1,15,plan,3072,mir_operator:RMSNormOp,8,RMSNormOp,elementwise_binary,"void at::vectorized_elementwise_kernel<4, at::CUDAFunctorOnSelf_add<float>, std::array<char *, 2>>(i","(3, 1, 1)","(128, 1, 1)",profiled,4.736,1.82,0.02085,0.0,1.540298,0.0,17280.0,53760.0,0.635392,48.250698,27.418779,8.216188,100.0,0.0,20.0,,imc_miss=26.49; long_scoreboard=21.04; no_instruction=2.94,"latency/launch-bound: 0.00 waves per SM, no unit above 30 % of peak"
react_tool_L_it1,16,plan,3072,mir_operator:RMSNormOp,8,RMSNormOp,elementwise_unary,"void at::vectorized_elementwise_kernel<4, at::rsqrt_kernel_cuda(at::TensorIteratorBase &)::[lambda()","(3, 1, 1)","(128, 1, 1)",profiled,1.888,1.09,0.031254,0.0,1.0181,0.0,18432.0,0.0,1.150923,84.032599,25.715721,8.243694,100.0,0.0,26.0,,imc_miss=16.58; long_scoreboard=12.60; wait=1.96,"latency/launch-bound: 0.00 waves per SM, no unit above 30 % of peak"
react_tool_L_it1,17,plan,3072,mir_operator:RMSNormOp,8,RMSNormOp,elementwise_binary,"void at::elementwise_kernel<128, 2, void at::gpu_kernel_impl_nocast<at::BinaryFunctor<float, float, ","(36864, 1, 1)","(128, 1, 1)",profiled,56.992,25.15,22.370264,0.0,92.202812,0.0,37772032.0,13869568.0,32.829979,50.615329,19.810251,85.847404,100.0,24.0,16.0,,long_scoreboard=39.07; wait=2.38; selected=1.00,DRAM-bandwidth-bound
react_tool_L_it1,18,plan,3072,mir_operator:RMSNormOp,8,RMSNormOp,copy,"void at::vectorized_elementwise_kernel<8, at::float16_copy_kernel_cuda(at::TensorIteratorBase &)::[l","(9216, 1, 1)","(128, 1, 1)",profiled,49.344,13.15,2.170077,0.0,91.531704,0.0,37754240.0,6605568.0,30.61329,33.581079,11.283351,83.318162,100.0,6.0,22.0,,long_scoreboard=467.36; drain=103.50; short_scoreboard=45.40,DRAM-bandwidth-bound
react_tool_L_it1,19,plan,3072,mir_operator:LinearOp,10,LinearOp,gemm,ampere_fp16_s1688gemm_fp16_64x128_sliced1x2_ldg8_f2f_nn,"(48, 24, 1)","(128, 1, 1)",profiled,371.648,371.8,47.445014,48.191084,13.176079,0.0,37767808.0,10372736.0,74.354251,97.245945,36.090648,15.967739,16.666667,4.5,226.0,156.0,math_pipe_throttle=11.52; wait=3.95; selected=1.00,tensor-core compute-bound
react_tool_L_it1,20,plan,3072,mir_operator:LinearOp,11,LinearOp,gemm,ampere_fp16_s1688gemm_fp16_64x128_sliced1x2_ldg8_f2f_nn,"(48, 24, 1)","(128, 1, 1)",profiled,373.632,370.49,47.502112,48.053063,10.745084,0.0,37767552.0,1703168.0,74.089829,97.247576,35.97918,15.948881,16.666667,4.5,226.0,155.2,math_pipe_throttle=11.42; wait=3.95; selected=1.00,tensor-core compute-bound
react_tool_L_it1,21,plan,3072,mir_operator:LinearOp,12,LinearOp,gemm,ampere_fp16_s1688gemm_fp16_64x128_sliced1x2_ldg8_f2f_nn,"(48, 24, 1)","(128, 1, 1)",profiled,372.064,369.37,47.388358,48.018502,12.569392,0.0,37958528.0,8017920.0,74.625357,96.860807,35.958218,15.938656,16.666667,4.5,226.0,155.8,math_pipe_throttle=11.48; wait=3.95; selected=1.00,tensor-core compute-bound
react_tool_L_it1,22,plan,3072,mir_operator:TransposeOp,14,TransposeOp,copy,"void at::elementwise_kernel<128, 4, void at::gpu_kernel_impl_nocast<at::direct_copy_kernel_cuda(at::","(18432, 1, 1)","(128, 1, 1)",profiled,132.352,132.7,6.11613,0.0,20.345661,0.0,18892160.0,7573632.0,90.989201,94.028142,45.295482,87.82961,100.0,12.0,16.0,,long_scoreboard=140.00; drain=12.07; short_scoreboard=8.14,L2-bandwidth-bound (working set in L2)
react_tool_L_it1,25,answer,3072,weight_init,,,rng_init,"void at::<unnamed>::distribution_elementwise_grid_stride_kernel<float, 4, void templates::normal_and","(768, 1, 1)","(256, 1, 1)",profiled,21.056,20.54,68.859742,0.0,32.231451,0.0,10112.0,6635776.0,37.207538,99.953654,18.115573,67.695975,100.0,1.0,40.0,,not_selected=3.78; math_pipe_throttle=2.17; wait=1.65,SM-issue-bound
react_tool_L_it1,26,answer,3072,weight_init,,,elementwise_binary,"void at::vectorized_elementwise_kernel<8, at::BUnaryFunctor<c10::Half, c10::Half, c10::Half, binary_","(9216, 1, 1)","(128, 1, 1)",profiled,26.496,11.07,5.021422,0.0,89.37441,0.0,18880128.0,4373120.0,33.229224,50.284363,19.348951,83.960023,100.0,6.0,20.0,,long_scoreboard=170.71; drain=17.93; short_scoreboard=2.79,DRAM-bandwidth-bound
react_tool_L_it1,27,answer,3072,mir_operator:RMSNormOp,6,RMSNormOp,copy,void at::unrolled_elementwise_kernel<at::direct_copy_kernel_cuda(at::TensorIteratorBase &)::[lambda(,"(9216, 1, 1)","(128, 1, 1)",profiled,39.872,52.16,33.387853,0.0,81.039487,0.0,18936064.0,12797184.0,45.283597,67.060041,28.556977,92.044227,100.0,6.0,38.0,,long_scoreboard=28.76; wait=4.58; no_instruction=1.03,DRAM-bandwidth-bound
react_tool_L_it1,28,answer,3072,mir_operator:RMSNormOp,6,RMSNormOp,elementwise_unary,"void at::vectorized_elementwise_kernel<4, void at::<unnamed>::pow_tensor_scalar_kernel_impl<float, f","(9216, 1, 1)","(128, 1, 1)",profiled,58.08,36.61,1.966576,0.0,93.136489,0.0,37754240.0,15371648.0,30.106825,50.130313,14.497222,77.551241,100.0,6.0,20.0,,long_scoreboard=316.68; drain=83.57; mio_throttle=45.38,DRAM-bandwidth-bound
react_tool_L_it1,29,answer,3072,mir_operator:RMSNormOp,6,RMSNormOp,reduce,"void at::reduce_kernel<512, 1, at::ReduceOp<float, at::MeanOps<float, float, float, float>, unsigned","(192, 1, 1)","(32, 16, 1)",profiled,44.96,11.62,2.282478,0.0,87.24026,0.0,37799296.0,721536.0,33.736985,1.764516,8.839539,49.896968,100.0,0.5,26.0,,long_scoreboard=215.54; barrier=18.19; imc_miss=4.80,DRAM-bandwidth-bound
react_tool_L_it1,30,answer,3072,mir_operator:RMSNormOp,6,RMSNormOp,elementwise_binary,"void at::vectorized_elementwise_kernel<4, at::CUDAFunctorOnSelf_add<float>, std::array<char *, 2>>(i","(3, 1, 1)","(128, 1, 1)",profiled,1.824,1.57,0.020041,0.0,0.971086,0.0,17024.0,0.0,1.011493,83.174938,26.629681,8.211974,100.0,0.0,20.0,,imc_miss=27.41; long_scoreboard=20.91; no_instruction=2.94,"latency/launch-bound: 0.00 waves per SM, no unit above 30 % of peak"
react_tool_L_it1,31,answer,3072,mir_operator:RMSNormOp,6,RMSNormOp,elementwise_unary,"void at::vectorized_elementwise_kernel<4, at::rsqrt_kernel_cuda(at::TensorIteratorBase &)::[lambda()","(3, 1, 1)","(128, 1, 1)",profiled,1.824,1.12,0.032828,0.0,1.0441,0.0,18304.0,0.0,1.181843,81.18003,26.091388,8.261494,100.0,0.0,26.0,,imc_miss=15.67; long_scoreboard=12.37; wait=1.96,"latency/launch-bound: 0.00 waves per SM, no unit above 30 % of peak"
react_tool_L_it1,32,answer,3072,mir_operator:RMSNormOp,6,RMSNormOp,elementwise_binary,"void at::elementwise_kernel<128, 2, void at::gpu_kernel_impl_nocast<at::BinaryFunctor<float, float, ","(36864, 1, 1)","(128, 1, 1)",profiled,65.984,24.8,15.125444,0.0,91.415427,0.0,37783424.0,21505024.0,28.323248,50.614631,13.301147,87.73561,100.0,24.0,16.0,,long_scoreboard=38.99; wait=2.39; selected=1.00,DRAM-bandwidth-bound
react_tool_L_it1,33,answer,3072,mir_operator:RMSNormOp,6,RMSNormOp,copy,"void at::vectorized_elementwise_kernel<8, at::float16_copy_kernel_cuda(at::TensorIteratorBase &)::[l","(9216, 1, 1)","(128, 1, 1)",profiled,47.936,13.54,2.221614,0.0,91.346593,0.0,37754496.0,5265920.0,31.623876,33.577616,11.55605,83.080227,100.0,6.0,22.0,,long_scoreboard=471.07; drain=104.88; short_scoreboard=45.58,DRAM-bandwidth-bound
react_tool_L_it1,34,answer,3072,mir_operator:AddOp,7,AddOp,elementwise_binary,"void at::vectorized_elementwise_kernel<8, at::CUDAFunctorOnSelf_add<c10::Half>, std::array<char *, 2","(9216, 1, 1)","(128, 1, 1)",profiled,67.488,11.55,4.477816,0.0,37.999282,0.0,18879616.0,6322432.0,13.008432,48.39454,16.381564,85.122381,100.0,6.0,22.0,,long_scoreboard=166.74; drain=17.83; short_scoreboard=2.90,"underutilised: SM 4 %, DRAM 38 %, L2 13 %, occ 85 %"
react_tool_L_it1,35,answer,3072,mir_operator:RMSNormOp,8,RMSNormOp,copy,void at::unrolled_elementwise_kernel<at::direct_copy_kernel_cuda(at::TensorIteratorBase &)::[lambda(,"(9216, 1, 1)","(128, 1, 1)",profiled,43.68,36.93,22.95157,0.0,84.866804,0.0,18936064.0,17486976.0,41.275748,67.066863,19.616312,92.408306,100.0,6.0,38.0,,long_scoreboard=20.59; wait=4.58; no_instruction=1.02,DRAM-bandwidth-bound
react_tool_L_it1,36,answer,3072,mir_operator:RMSNormOp,8,RMSNormOp,elementwise_unary,"void at::vectorized_elementwise_kernel<4, void at::<unnamed>::pow_tensor_scalar_kernel_impl<float, f","(9216, 1, 1)","(128, 1, 1)",profiled,58.112,37.44,1.968944,0.0,93.010116,0.0,37754112.0,15345408.0,30.817697,50.133744,14.516415,76.679217,100.0,6.0,20.0,,long_scoreboard=311.71; drain=82.01; mio_throttle=54.07,DRAM-bandwidth-bound
react_tool_L_it1,37,answer,3072,mir_operator:RMSNormOp,8,RMSNormOp,reduce,"void at::reduce_kernel<512, 1, at::ReduceOp<float, at::MeanOps<float, float, float, float>, unsigned","(192, 1, 1)","(32, 16, 1)",profiled,43.328,11.2,2.289977,0.0,88.784148,0.0,37799296.0,6784.0,34.874017,1.754712,8.833524,49.903086,100.0,0.5,26.0,,long_scoreboard=222.07; barrier=17.69; imc_miss=4.94,DRAM-bandwidth-bound
react_tool_L_it1,38,answer,3072,mir_operator:RMSNormOp,8,RMSNormOp,elementwise_binary,"void at::vectorized_elementwise_kernel<4, at::CUDAFunctorOnSelf_add<float>, std::array<char *, 2>>(i","(3, 1, 1)","(128, 1, 1)",profiled,1.856,1.57,0.020217,0.0,0.948916,0.0,17024.0,0.0,0.995014,82.16045,26.274376,8.151941,100.0,0.0,20.0,,imc_miss=27.47; long_scoreboard=20.93; no_instruction=2.94,"latency/launch-bound: 0.00 waves per SM, no unit above 30 % of peak"
react_tool_L_it1,39,answer,3072,mir_operator:RMSNormOp,8,RMSNormOp,elementwise_unary,"void at::vectorized_elementwise_kernel<4, at::rsqrt_kernel_cuda(at::TensorIteratorBase &)::[lambda()","(3, 1, 1)","(128, 1, 1)",profiled,1.856,1.09,0.03279,0.0,1.020263,0.0,18304.0,0.0,1.158802,80.746089,26.047143,8.228054,100.0,0.0,26.0,,imc_miss=15.74; long_scoreboard=12.32; wait=1.96,"latency/launch-bound: 0.00 waves per SM, no unit above 30 % of peak"
react_tool_L_it1,40,answer,3072,mir_operator:RMSNormOp,8,RMSNormOp,elementwise_binary,"void at::elementwise_kernel<128, 2, void at::gpu_kernel_impl_nocast<at::BinaryFunctor<float, float, ","(36864, 1, 1)","(128, 1, 1)",profiled,65.536,25.6,15.29787,0.0,92.114733,0.0,37774080.0,21530240.0,28.524159,50.535153,15.25103,86.103461,100.0,24.0,16.0,,long_scoreboard=38.97; wait=2.39; selected=1.00,DRAM-bandwidth-bound
react_tool_L_it1,41,answer,3072,mir_operator:RMSNormOp,8,RMSNormOp,copy,"void at::vectorized_elementwise_kernel<8, at::float16_copy_kernel_cuda(at::TensorIteratorBase &)::[l","(9216, 1, 1)","(128, 1, 1)",profiled,48.224,13.25,2.076482,0.0,91.261994,0.0,37753728.0,5488512.0,31.407805,33.587407,10.799325,82.670306,100.0,6.0,22.0,,long_scoreboard=481.36; drain=108.30; short_scoreboard=45.93,DRAM-bandwidth-bound
react_tool_L_it1,42,answer,3072,mir_operator:LinearOp,10,LinearOp,gemm,ampere_fp16_s1688gemm_fp16_64x128_sliced1x2_ldg8_f2f_nn,"(48, 24, 1)","(128, 1, 1)",profiled,372.736,372.02,47.533134,48.083961,12.035627,0.0,37778560.0,6324352.0,74.295937,97.249351,36.009594,15.949813,16.666667,4.5,226.0,155.6,math_pipe_throttle=11.47; wait=3.95; selected=1.00,tensor-core compute-bound
react_tool_L_it1,43,answer,3072,mir_operator:LinearOp,11,LinearOp,gemm,ampere_fp16_s1688gemm_fp16_64x128_sliced1x2_ldg8_f2f_nn,"(48, 24, 1)","(128, 1, 1)",profiled,371.68,371.0,47.384319,48.060274,13.340333,0.0,37770496.0,10971264.0,74.343896,97.263135,35.989617,15.946802,16.666667,4.5,226.0,156.0,math_pipe_throttle=11.49; wait=3.95; selected=1.00,tensor-core compute-bound
react_tool_L_it1,44,answer,3072,mir_operator:LinearOp,12,LinearOp,gemm,ampere_fp16_s1688gemm_fp16_64x128_sliced1x2_ldg8_f2f_nn,"(48, 24, 1)","(128, 1, 1)",profiled,371.36,370.68,47.428978,48.100071,13.207483,0.0,37767424.0,10451072.0,74.434837,97.254751,36.0177,15.949381,16.666667,4.5,226.0,156.1,math_pipe_throttle=11.50; wait=3.95; selected=1.00,tensor-core compute-bound
react_tool_L_it1,45,answer,3072,mir_operator:TransposeOp,14,TransposeOp,copy,"void at::elementwise_kernel<128, 4, void at::gpu_kernel_impl_nocast<at::direct_copy_kernel_cuda(at::","(18432, 1, 1)","(128, 1, 1)",profiled,132.512,133.02,6.114957,0.0,20.342867,0.0,18892160.0,7603328.0,90.830232,93.811881,45.25484,87.541142,100.0,12.0,16.0,,long_scoreboard=140.16; drain=12.06; short_scoreboard=8.14,L2-bandwidth-bound (working set in L2)
planner_debate_L_it1,2,planner-seed,3584,weight_init,,,rng_init,"void at::<unnamed>::distribution_elementwise_grid_stride_kernel<float, 4, void templates::normal_and","(768, 1, 1)","(256, 1, 1)",profiled,28.384,28.06,70.307401,0.0,47.085963,0.0,26624.0,13115136.0,37.31072,97.18617,18.060564,67.781987,100.0,1.0,40.0,,not_selected=3.77; math_pipe_throttle=2.14; wait=1.65,SM-issue-bound
planner_debate_L_it1,3,planner-seed,3584,weight_init,,,elementwise_binary,"void at::vectorized_elementwise_kernel<8, at::BUnaryFunctor<c10::Half, c10::Half, c10::Half, binary_","(12544, 1, 1)","(128, 1, 1)",profiled,36.608,14.82,4.07849,0.0,92.229874,0.0,25697792.0,7455616.0,32.738218,50.20006,15.725875,86.167198,100.0,8.17,20.0,,long_scoreboard=173.00; drain=18.81; short_scoreboard=3.40,DRAM-bandwidth-bound
planner_debate_L_it1,4,planner-seed,3584,mir_operator:RMSNormOp,6,RMSNormOp,copy,void at::unrolled_elementwise_kernel<at::direct_copy_kernel_cuda(at::TensorIteratorBase &)::[lambda(,"(12544, 1, 1)","(128, 1, 1)",profiled,61.568,85.12,24.263901,0.0,85.30243,0.0,25753728.0,25859456.0,40.531787,66.978663,20.771774,90.519103,100.0,8.17,38.0,,long_scoreboard=31.58; wait=4.59; no_instruction=1.02,DRAM-bandwidth-bound
planner_debate_L_it1,5,planner-seed,3584,mir_operator:RMSNormOp,6,RMSNormOp,elementwise_unary,"void at::vectorized_elementwise_kernel<4, void at::<unnamed>::pow_tensor_scalar_kernel_impl<float, f","(12544, 1, 1)","(128, 1, 1)",profiled,82.688,70.65,2.333772,0.0,93.292814,0.0,51384960.0,24413824.0,28.785421,50.093768,17.218176,76.63234,100.0,8.17,20.0,,long_scoreboard=339.55; drain=95.45; mio_throttle=53.62,DRAM-bandwidth-bound
planner_debate_L_it1,6,planner-seed,3584,mir_operator:RMSNormOp,6,RMSNormOp,reduce,"void at::reduce_kernel<512, 1, at::ReduceOp<float, at::MeanOps<float, float, float, float>, unsigned","(224, 1, 1)","(32, 16, 1)",profiled,61.408,21.09,2.157581,0.0,89.800489,0.0,51431936.0,2770432.0,33.461352,1.306743,8.822711,58.182726,100.0,0.58,26.0,,long_scoreboard=278.78; barrier=10.23; imc_miss=4.39,DRAM-bandwidth-bound
planner_debate_L_it1,7,planner-seed,3584,mir_operator:RMSNormOp,6,RMSNormOp,elementwise_binary,"void at::vectorized_elementwise_kernel<4, at::CUDAFunctorOnSelf_add<float>, std::array<char *, 2>>(i","(4, 1, 1)","(128, 1, 1)",profiled,1.856,1.18,0.006527,0.0,1.077836,0.0,19072.0,0.0,1.075729,80.636605,19.443038,8.188291,100.0,0.0,20.0,,imc_miss=20.18; long_scoreboard=14.94; no_instruction=2.34,"latency/launch-bound: 0.00 waves per SM, no unit above 30 % of peak"
planner_debate_L_it1,8,planner-seed,3584,mir_operator:RMSNormOp,6,RMSNormOp,elementwise_unary,"void at::vectorized_elementwise_kernel<4, at::rsqrt_kernel_cuda(at::TensorIteratorBase &)::[lambda()","(4, 1, 1)","(128, 1, 1)",profiled,1.888,1.09,0.049891,0.0,1.157407,0.0,20480.0,0.0,1.205138,81.006731,18.327169,8.134719,100.0,0.0,26.0,,imc_miss=12.09; long_scoreboard=8.96; wait=1.91,"latency/launch-bound: 0.00 waves per SM, no unit above 30 % of peak"
planner_debate_L_it1,9,planner-seed,3584,mir_operator:RMSNormOp,6,RMSNormOp,elementwise_binary,"void at::elementwise_kernel<128, 2, void at::gpu_kernel_impl_nocast<at::BinaryFunctor<float, float, ","(50176, 1, 1)","(128, 1, 1)",profiled,92.672,88.06,18.574006,0.0,92.885692,0.0,51415808.0,33183231.999999996,27.415596,50.545922,16.385682,88.054635,100.0,32.67,16.0,,long_scoreboard=49.02; wait=2.38; selected=1.00,DRAM-bandwidth-bound
planner_debate_L_it1,10,planner-seed,3584,mir_operator:RMSNormOp,6,RMSNormOp,copy,"void at::vectorized_elementwise_kernel<8, at::float16_copy_kernel_cuda(at::TensorIteratorBase &)::[l","(12544, 1, 1)","(128, 1, 1)",profiled,70.528,54.94,1.786722,0.0,94.094082,0.0,51386240.0,13825024.0,29.132225,35.443592,9.309794,83.835612,100.0,8.17,22.0,,long_scoreboard=490.48; drain=110.16; short_scoreboard=50.75,DRAM-bandwidth-bound
planner_debate_L_it1,11,planner-seed,3584,mir_operator:AddOp,7,AddOp,elementwise_binary,"void at::vectorized_elementwise_kernel<8, at::CUDAFunctorOnSelf_add<c10::Half>, std::array<char *, 2","(12544, 1, 1)","(128, 1, 1)",profiled,36.16,14.69,4.778305,0.0,92.929624,0.0,25695488.0,7290752.0,33.187897,50.217877,17.498048,85.585399,100.0,8.17,22.0,,long_scoreboard=168.10; drain=18.54; short_scoreboard=3.26,DRAM-bandwidth-bound
planner_debate_L_it1,12,planner-seed,3584,mir_operator:RMSNormOp,8,RMSNormOp,copy,void at::unrolled_elementwise_kernel<at::direct_copy_kernel_cuda(at::TensorIteratorBase &)::[lambda(,"(12544, 1, 1)","(128, 1, 1)",profiled,61.024,52.67,8.682785,0.0,85.533799,0.0,25776256.0,25507456.0,40.163941,66.945281,10.140688,89.958334,100.0,8.17,38.0,,long_scoreboard=25.68; wait=4.59; no_instruction=1.03,DRAM-bandwidth-bound
planner_debate_L_it1,13,planner-seed,3584,mir_operator:RMSNormOp,8,RMSNormOp,elementwise_unary,"void at::vectorized_elementwise_kernel<4, void at::<unnamed>::pow_tensor_scalar_kernel_impl<float, f","(12544, 1, 1)","(128, 1, 1)",profiled,83.168,70.62,1.890083,0.0,93.365404,0.0,51387008.0,24929664.0,34.274256,50.079519,13.948283,77.238393,100.0,8.17,20.0,,long_scoreboard=338.74; drain=97.04; mio_throttle=54.58,DRAM-bandwidth-bound
planner_debate_L_it1,14,planner-seed,3584,mir_operator:RMSNormOp,8,RMSNormOp,reduce,"void at::reduce_kernel<512, 1, at::ReduceOp<float, at::MeanOps<float, float, float, float>, unsigned","(224, 1, 1)","(32, 16, 1)",profiled,58.144,22.43,2.256565,0.0,90.60843,0.0,51432192.0,363008.0,35.354941,1.299627,8.992223,58.169687,100.0,0.58,26.0,,long_scoreboard=278.31; barrier=8.75; imc_miss=4.32,DRAM-bandwidth-bound
planner_debate_L_it1,15,planner-seed,3584,mir_operator:RMSNormOp,8,RMSNormOp,elementwise_binary,"void at::vectorized_elementwise_kernel<4, at::CUDAFunctorOnSelf_add<float>, std::array<char *, 2>>(i","(4, 1, 1)","(128, 1, 1)",profiled,1.824,1.15,0.031655,0.0,1.103377,0.0,19072.0,0.0,1.067251,89.642499,19.609345,8.256734,100.0,0.0,20.0,,imc_miss=20.69; long_scoreboard=14.51; no_instruction=2.34,"latency/launch-bound: 0.00 waves per SM, no unit above 30 % of peak"
planner_debate_L_it1,16,planner-seed,3584,mir_operator:RMSNormOp,8,RMSNormOp,elementwise_unary,"void at::vectorized_elementwise_kernel<4, at::rsqrt_kernel_cuda(at::TensorIteratorBase &)::[lambda()","(4, 1, 1)","(128, 1, 1)",profiled,1.856,1.09,0.049563,0.0,1.157407,0.0,20480.0,0.0,1.219745,80.069626,19.233659,8.270724,100.0,0.0,26.0,,imc_miss=11.65; long_scoreboard=8.83; wait=1.91,"latency/launch-bound: 0.00 waves per SM, no unit above 30 % of peak"
planner_debate_L_it1,17,planner-seed,3584,mir_operator:RMSNormOp,8,RMSNormOp,elementwise_binary,"void at::elementwise_kernel<128, 2, void at::gpu_kernel_impl_nocast<at::BinaryFunctor<float, float, ","(50176, 1, 1)","(128, 1, 1)",profiled,91.36,88.09,14.71991,0.0,93.098187,0.0,51414144.0,32226816.0,27.607192,50.515412,12.931465,87.191829,100.0,32.67,16.0,,long_scoreboard=49.18; wait=2.38; selected=1.00,DRAM-bandwidth-bound
planner_debate_L_it1,18,planner-seed,3584,mir_operator:RMSNormOp,8,RMSNormOp,copy,"void at::vectorized_elementwise_kernel<8, at::float16_copy_kernel_cuda(at::TensorIteratorBase &)::[l","(12544, 1, 1)","(128, 1, 1)",profiled,70.592,54.98,1.783761,0.0,94.204391,0.0,51385856.0,13948160.0,29.106372,33.524355,9.291663,83.27289,100.0,8.17,22.0,,long_scoreboard=477.26; drain=107.16; short_scoreboard=51.46,DRAM-bandwidth-bound
planner_debate_L_it1,19,planner-seed,3584,mir_operator:LinearOp,10,LinearOp,gemm,void cutlass::Kernel2<cutlass_80_tensorop_f16_s16816gemm_relu_f16_64x64_32x6_nn_align8>(T1::Params),"(448, 7, 1)","(128, 1, 1)",profiled,642.656,636.37,43.809931,44.813484,11.965526,0.0,51468928.0,24134144.0,90.832816,98.672598,44.813484,16.437932,16.666667,12.25,96.0,143.3,math_pipe_throttle=7.48; long_scoreboard=2.16; barrier=2.14,tensor-core compute-bound
planner_debate_L_it1,20,planner-seed,3584,mir_operator:LinearOp,11,LinearOp,gemm,void cutlass::Kernel2<cutlass_80_tensorop_f16_s16816gemm_relu_f16_64x64_32x6_nn_align8>(T1::Params),"(448, 7, 1)","(128, 1, 1)",profiled,639.84,635.89,43.663333,44.86546,12.041554,0.0,51608448.0,24138624.0,90.94062,98.660026,44.86546,16.435003,16.666667,12.25,96.0,143.9,math_pipe_throttle=7.49; long_scoreboard=2.15; barrier=2.11,tensor-core compute-bound
planner_debate_L_it1,21,planner-seed,3584,mir_operator:LinearOp,12,LinearOp,gemm,void cutlass::Kernel2<cutlass_80_tensorop_f16_s16816gemm_relu_f16_64x64_32x6_nn_align8>(T1::Params),"(448, 7, 1)","(128, 1, 1)",profiled,640.96,635.66,43.724234,37.769568,10.709878,0.0,51421824.0,16066816.0,91.065219,98.676724,37.769568,16.465899,16.666667,12.25,96.0,143.6,math_pipe_throttle=7.45; barrier=2.17; long_scoreboard=2.15,L2-bandwidth-bound (working set in L2)
planner_debate_L_it1,22,planner-seed,3584,mir_operator:TransposeOp,14,TransposeOp,copy,"void at::elementwise_kernel<128, 4, void at::gpu_kernel_impl_nocast<at::direct_copy_kernel_cuda(at::","(25088, 1, 1)","(128, 1, 1)",profiled,178.176,177.85,6.187143,0.0,22.726761,0.0,25707904.0,14104320.0,91.970039,93.999901,45.790744,88.366306,100.0,16.33,16.0,,long_scoreboard=144.07; drain=11.88; short_scoreboard=7.78,L2-bandwidth-bound (working set in L2)
planner_debate_L_it1,25,critic-a,4096,weight_init,,,rng_init,"void at::<unnamed>::distribution_elementwise_grid_stride_kernel<float, 4, void templates::normal_and","(768, 1, 1)","(256, 1, 1)",profiled,36.128,36.16,71.145245,0.0,57.25676,0.0,10112.0,20285568.0,38.308318,100.065041,18.575194,67.818658,100.0,1.0,40.0,,not_selected=3.77; math_pipe_throttle=2.13; wait=1.65,SM-issue-bound
planner_debate_L_it1,26,critic-a,4096,weight_init,,,elementwise_binary,"void at::vectorized_elementwise_kernel<8, at::BUnaryFunctor<c10::Half, c10::Half, c10::Half, binary_","(16384, 1, 1)","(128, 1, 1)",profiled,50.688,19.87,5.203954,0.0,93.547168,0.0,33560320.0,13017728.0,30.871774,50.161186,20.073796,87.032512,100.0,10.67,20.0,,long_scoreboard=174.55; drain=19.84; short_scoreboard=3.32,DRAM-bandwidth-bound
planner_debate_L_it1,27,critic-a,4096,mir_operator:RMSNormOp,6,RMSNormOp,copy,void at::unrolled_elementwise_kernel<at::direct_copy_kernel_cuda(at::TensorIteratorBase &)::[lambda(,"(16384, 1, 1)","(128, 1, 1)",profiled,86.848,114.17,22.640058,0.0,87.636372,0.0,33616000.0,41155072.0,36.70878,66.912491,19.353471,90.555282,100.0,10.67,38.0,,long_scoreboard=29.93; wait=4.59; no_instruction=1.08,DRAM-bandwidth-bound
planner_debate_L_it1,28,critic-a,4096,mir_operator:RMSNormOp,6,RMSNormOp,elementwise_unary,"void at::vectorized_elementwise_kernel<4, void at::<unnamed>::pow_tensor_scalar_kernel_impl<float, f","(16384, 1, 1)","(128, 1, 1)",profiled,108.896,145.76,2.160861,0.0,93.617698,0.0,67116800.0,33057792.0,28.854907,50.075832,15.958233,77.242951,100.0,10.67,20.0,,long_scoreboard=353.63; drain=109.78; mio_throttle=82.52,DRAM-bandwidth-bound
planner_debate_L_it1,29,critic-a,4096,mir_operator:RMSNormOp,6,RMSNormOp,reduce,"void at::reduce_kernel<512, 1, at::ReduceOp<float, at::MeanOps<float, float, float, float>, unsigned","(256, 1, 1)","(32, 16, 1)",profiled,80.192,36.61,2.170905,0.0,90.386815,0.0,67160576.0,4048384.0000000005,33.462945,1.011057,9.04078,66.113051,100.0,0.67,26.0,,long_scoreboard=327.35; barrier=16.45; imc_miss=3.73,DRAM-bandwidth-bound
planner_debate_L_it1,30,critic-a,4096,mir_operator:RMSNormOp,6,RMSNormOp,elementwise_binary,"void at::vectorized_elementwise_kernel<4, at::CUDAFunctorOnSelf_add<float>, std::array<char *, 2>>(i","(4, 1, 1)","(128, 1, 1)",profiled,1.792,1.41,0.027394,0.0,1.227679,0.0,21120.0,0.0,1.135999,77.288789,20.202552,8.193038,100.0,0.0,20.0,,imc_miss=25.77; long_scoreboard=21.20; no_instruction=2.94,"latency/launch-bound: 0.00 waves per SM, no unit above 30 % of peak"
planner_debate_L_it1,31,critic-a,4096,mir_operator:RMSNormOp,6,RMSNormOp,elementwise_unary,"void at::vectorized_elementwise_kernel<4, at::rsqrt_kernel_cuda(at::TensorIteratorBase &)::[lambda()","(4, 1, 1)","(128, 1, 1)",profiled,1.92,1.09,0.042202,0.0,1.226177,0.0,22400.0,0.0,1.220216,79.814189,18.582144,8.168501,100.0,0.0,26.0,,imc_miss=16.32; long_scoreboard=13.11; wait=1.96,"latency/launch-bound: 0.00 waves per SM, no unit above 30 % of peak"
planner_debate_L_it1,32,critic-a,4096,mir_operator:RMSNormOp,6,RMSNormOp,elementwise_binary,"void at::elementwise_kernel<128, 2, void at::gpu_kernel_impl_nocast<at::BinaryFunctor<float, float, ","(65536, 1, 1)","(128, 1, 1)",profiled,125.792,128.22,14.227149,0.0,93.369056,0.0,67136512.0,48283776.0,26.161915,50.53927,12.505779,89.111954,100.0,42.67,16.0,,long_scoreboard=56.59; wait=2.38; selected=1.00,DRAM-bandwidth-bound
planner_debate_L_it1,33,critic-a,4096,mir_operator:RMSNormOp,6,RMSNormOp,copy,"void at::vectorized_elementwise_kernel<8, at::float16_copy_kernel_cuda(at::TensorIteratorBase &)::[l","(16384, 1, 1)","(128, 1, 1)",profiled,93.568,90.62,1.733024,0.0,94.453723,0.0,67115136.0,19747712.0,28.672548,33.479046,9.037868,84.209127,100.0,10.67,22.0,,long_scoreboard=514.22; drain=117.43; short_scoreboard=56.60,DRAM-bandwidth-bound
planner_debate_L_it1,34,critic-a,4096,mir_operator:AddOp,7,AddOp,elementwise_binary,"void at::vectorized_elementwise_kernel<8, at::CUDAFunctorOnSelf_add<c10::Half>, std::array<char *, 2","(16384, 1, 1)","(128, 1, 1)",profiled,50.016,26.98,5.482127,0.0,93.499437,0.0,33560448.0,12388736.0,31.273312,50.150582,20.087893,87.331822,100.0,10.67,22.0,,long_scoreboard=170.59; drain=19.24; short_scoreboard=3.29,DRAM-bandwidth-bound
planner_debate_L_it1,35,critic-a,4096,mir_operator:RMSNormOp,8,RMSNormOp,copy,void at::unrolled_elementwise_kernel<at::direct_copy_kernel_cuda(at::TensorIteratorBase &)::[lambda(,"(16384, 1, 1)","(128, 1, 1)",profiled,77.6,86.91,20.4812,0.0,85.874033,0.0,33619456.0,31846400.0,41.104077,66.904511,17.563429,90.816039,100.0,10.67,38.0,,long_scoreboard=36.51; wait=4.59; no_instruction=1.09,DRAM-bandwidth-bound
planner_debate_L_it1,36,critic-a,4096,mir_operator:RMSNormOp,8,RMSNormOp,elementwise_unary,"void at::vectorized_elementwise_kernel<4, void at::<unnamed>::pow_tensor_scalar_kernel_impl<float, f","(16384, 1, 1)","(128, 1, 1)",profiled,117.44,145.05,1.876479,0.0,93.59029,0.0,67116672.0,40894848.0,32.160453,50.07831,13.854681,76.896963,100.0,10.67,20.0,,long_scoreboard=356.12; drain=110.83; mio_throttle=68.06,DRAM-bandwidth-bound
planner_debate_L_it1,37,critic-a,4096,mir_operator:RMSNormOp,8,RMSNormOp,reduce,"void at::reduce_kernel<512, 1, at::ReduceOp<float, at::MeanOps<float, float, float, float>, unsigned","(256, 1, 1)","(32, 16, 1)",profiled,86.304,36.8,1.833179,0.0,90.67132,0.0,67160960.0,9761280.0,31.082063,1.008744,9.046386,66.127547,100.0,0.67,26.0,,long_scoreboard=326.80; barrier=23.31; imc_miss=4.02,DRAM-bandwidth-bound
planner_debate_L_it1,38,critic-a,4096,mir_operator:RMSNormOp,8,RMSNormOp,elementwise_binary,"void at::vectorized_elementwise_kernel<4, at::CUDAFunctorOnSelf_add<float>, std::array<char *, 2>>(i","(4, 1, 1)","(128, 1, 1)",profiled,1.856,1.25,0.027728,0.0,1.216097,0.0,21120.0,0.0,1.112252,89.070513,20.490928,8.238561,100.0,0.0,20.0,,imc_miss=26.39; long_scoreboard=22.53; no_instruction=2.94,"latency/launch-bound: 0.00 waves per SM, no unit above 30 % of peak"
planner_debate_L_it1,39,critic-a,4096,mir_operator:RMSNormOp,8,RMSNormOp,elementwise_unary,"void at::vectorized_elementwise_kernel<4, at::rsqrt_kernel_cuda(at::TensorIteratorBase &)::[lambda()","(4, 1, 1)","(128, 1, 1)",profiled,1.888,1.09,0.041725,0.0,1.215278,0.0,22400.0,0.0,1.214423,82.507042,16.569579,7.785644,100.0,0.0,26.0,,imc_miss=16.43; long_scoreboard=15.55; wait=1.96,"latency/launch-bound: 0.00 waves per SM, no unit above 30 % of peak"
planner_debate_L_it1,40,critic-a,4096,mir_operator:RMSNormOp,8,RMSNormOp,elementwise_binary,"void at::elementwise_kernel<128, 2, void at::gpu_kernel_impl_nocast<at::BinaryFunctor<float, float, ","(65536, 1, 1)","(128, 1, 1)",profiled,114.048,128.48,14.227751,0.0,93.76781,0.0,67136384.0,37992064.0,28.856373,50.567809,12.475773,88.881234,100.0,42.67,16.0,,long_scoreboard=55.26; wait=2.38; selected=1.00,DRAM-bandwidth-bound
planner_debate_L_it1,41,critic-a,4096,mir_operator:RMSNormOp,8,RMSNormOp,copy,"void at::vectorized_elementwise_kernel<8, at::float16_copy_kernel_cuda(at::TensorIteratorBase &)::[l","(16384, 1, 1)","(128, 1, 1)",profiled,93.824,91.39,1.699462,0.0,94.399654,0.0,67125632.0,19919488.0,28.586489,33.464646,8.863616,84.882273,100.0,10.67,22.0,,long_scoreboard=573.46; drain=131.56; short_scoreboard=56.58,DRAM-bandwidth-bound
planner_debate_L_it1,43,critic-a,4096,mir_operator:LinearOp,10,LinearOp,gemm,ampere_fp16_s1688gemm_fp16_128x128_ldg8_f2f_stages_32x1_nn,"(32, 32, 3)","(128, 1, 1)",profiled,852.544,850.98,48.801491,49.009179,16.774343,0.0,82970240.0,57630464.0,54.411267,97.263007,30.807476,16.35367,16.666667,12.0,234.0,161.2,math_pipe_throttle=12.09; wait=4.30; barrier=1.13,tensor-core compute-bound
planner_debate_L_it1,45,critic-a,4096,mir_operator:LinearOp,11,LinearOp,gemm,ampere_fp16_s1688gemm_fp16_128x128_ldg8_f2f_stages_32x1_nn,"(32, 32, 3)","(128, 1, 1)",profiled,849.6,850.79,48.835142,49.000174,15.073411,0.0,77881344.0,48025216.0,54.534537,97.509464,30.795794,16.352223,16.666667,12.0,234.0,161.8,math_pipe_throttle=12.11; wait=4.30; barrier=1.12,tensor-core compute-bound
planner_debate_L_it1,47,critic-a,4096,mir_operator:LinearOp,12,LinearOp,gemm,ampere_fp16_s1688gemm_fp16_128x128_ldg8_f2f_stages_32x1_nn,"(32, 32, 3)","(128, 1, 1)",profiled,849.472,850.82,48.854104,48.999626,16.780461,0.0,82668928.0,57479936.0,54.520652,97.30272,30.784201,16.35468,16.666667,12.0,234.0,161.8,math_pipe_throttle=12.00; wait=4.30; barrier=1.13,tensor-core compute-bound
planner_debate_L_it1,48,critic-a,4096,mir_operator:TransposeOp,14,TransposeOp,copy,"void at::elementwise_kernel<128, 4, void at::gpu_kernel_impl_nocast<at::direct_copy_kernel_cuda(at::","(32768, 1, 1)","(128, 1, 1)",profiled,228.608,226.49,6.286551,0.0,25.839454,0.0,35695232.0,22380416.0,93.18197,93.401788,46.36871,88.437047,100.0,21.33,16.0,,long_scoreboard=141.72; drain=11.93; short_scoreboard=7.89,L2-bandwidth-bound (working set in L2)
planner_debate_L_it1,51,critic-b,4096,weight_init,,,rng_init,"void at::<unnamed>::distribution_elementwise_grid_stride_kernel<float, 4, void templates::normal_and","(768, 1, 1)","(256, 1, 1)",profiled,36.128,35.71,71.353156,0.0,57.5189,0.0,10112.0,20402048.0,38.307281,100.087309,18.629416,67.803761,100.0,1.0,40.0,,not_selected=3.77; math_pipe_throttle=2.13; wait=1.65,SM-issue-bound
planner_debate_L_it1,52,critic-b,4096,weight_init,,,elementwise_binary,"void at::vectorized_elementwise_kernel<8, at::BUnaryFunctor<c10::Half, c10::Half, c10::Half, binary_","(16384, 1, 1)","(128, 1, 1)",profiled,50.816,19.97,5.187361,0.0,93.366615,0.0,33560576.0,13072896.0,30.731699,50.162281,20.011988,87.319832,100.0,10.67,20.0,,long_scoreboard=174.42; drain=19.45; short_scoreboard=3.35,DRAM-bandwidth-bound
planner_debate_L_it1,53,critic-b,4096,mir_operator:RMSNormOp,6,RMSNormOp,copy,void at::unrolled_elementwise_kernel<at::direct_copy_kernel_cuda(at::TensorIteratorBase &)::[lambda(,"(16384, 1, 1)","(128, 1, 1)",profiled,85.792,111.96,20.739943,0.0,87.771653,0.0,33620736.0,40366976.0,37.285953,66.934876,17.771658,91.042383,100.0,10.67,38.0,,long_scoreboard=29.72; wait=4.59; no_instruction=1.10,DRAM-bandwidth-bound
planner_debate_L_it1,54,critic-b,4096,mir_operator:RMSNormOp,6,RMSNormOp,elementwise_unary,"void at::vectorized_elementwise_kernel<4, void at::<unnamed>::pow_tensor_scalar_kernel_impl<float, f","(16384, 1, 1)","(128, 1, 1)",profiled,118.112,147.93,1.907576,0.0,93.506917,0.0,67153792.0,41366656.0,26.858432,50.041757,14.08658,77.143932,100.0,10.67,20.0,,long_scoreboard=354.31; drain=109.31; mio_throttle=69.28,DRAM-bandwidth-bound
planner_debate_L_it1,55,critic-b,4096,mir_operator:RMSNormOp,6,RMSNormOp,reduce,"void at::reduce_kernel<512, 1, at::ReduceOp<float, at::MeanOps<float, float, float, float>, unsigned","(256, 1, 1)","(32, 16, 1)",profiled,88.576,37.5,1.973813,0.0,90.308265,0.0,67168896.0,11442816.0,30.364945,1.007584,8.813345,66.046584,100.0,0.67,26.0,,long_scoreboard=328.04; barrier=20.29; imc_miss=3.83,DRAM-bandwidth-bound
planner_debate_L_it1,56,critic-b,4096,mir_operator:RMSNormOp,6,RMSNormOp,elementwise_binary,"void at::vectorized_elementwise_kernel<4, at::CUDAFunctorOnSelf_add<float>, std::array<char *, 2>>(i","(4, 1, 1)","(128, 1, 1)",profiled,1.888,1.28,0.026668,0.0,1.166572,0.0,21120.0,0.0,1.093558,79.171975,20.109976,8.245505,100.0,0.0,20.0,,imc_miss=27.52; long_scoreboard=21.28; no_instruction=2.88,"latency/launch-bound: 0.00 waves per SM, no unit above 30 % of peak"
planner_debate_L_it1,57,critic-b,4096,mir_operator:RMSNormOp,6,RMSNormOp,elementwise_unary,"void at::vectorized_elementwise_kernel<4, at::rsqrt_kernel_cuda(at::TensorIteratorBase &)::[lambda()","(4, 1, 1)","(128, 1, 1)",profiled,1.92,1.09,0.043508,0.0,1.20457,0.0,22400.0,0.0,1.220611,78.418863,19.674651,8.20124,100.0,0.0,26.0,,imc_miss=15.82; long_scoreboard=12.50; wait=1.96,"latency/launch-bound: 0.00 waves per SM, no unit above 30 % of peak"
planner_debate_L_it1,58,critic-b,4096,mir_operator:RMSNormOp,6,RMSNormOp,elementwise_binary,"void at::elementwise_kernel<128, 2, void at::gpu_kernel_impl_nocast<at::BinaryFunctor<float, float, ","(65536, 1, 1)","(128, 1, 1)",profiled,124.672,127.71,15.175423,0.0,93.08446,0.0,67136256.0,46956160.0,26.393274,50.543917,13.293757,89.86404,100.0,42.67,16.0,,long_scoreboard=56.10; wait=2.38; selected=1.00,DRAM-bandwidth-bound
planner_debate_L_it1,59,critic-b,4096,mir_operator:RMSNormOp,6,RMSNormOp,copy,"void at::vectorized_elementwise_kernel<8, at::float16_copy_kernel_cuda(at::TensorIteratorBase &)::[l","(16384, 1, 1)","(128, 1, 1)",profiled,93.152,90.49,1.746367,0.0,94.510691,0.0,67115136.0,19382016.0,28.777594,33.472632,9.110568,84.098805,100.0,10.67,22.0,,long_scoreboard=515.05; drain=117.58; short_scoreboard=56.22,DRAM-bandwidth-bound
planner_debate_L_it1,60,critic-b,4096,mir_operator:AddOp,7,AddOp,elementwise_binary,"void at::vectorized_elementwise_kernel<8, at::CUDAFunctorOnSelf_add<c10::Half>, std::array<char *, 2","(16384, 1, 1)","(128, 1, 1)",profiled,50.4,27.2,4.6661,0.0,93.525271,0.0,33560704.0,12730624.0,30.972307,50.136112,17.095444,87.590918,100.0,10.67,22.0,,long_scoreboard=170.05; drain=19.37; short_scoreboard=3.45,DRAM-bandwidth-bound
planner_debate_L_it1,61,critic-b,4096,mir_operator:RMSNormOp,8,RMSNormOp,copy,void at::unrolled_elementwise_kernel<at::direct_copy_kernel_cuda(at::TensorIteratorBase &)::[lambda(,"(16384, 1, 1)","(128, 1, 1)",profiled,88.768,87.13,22.279962,0.0,86.517513,0.0,33616000.0,41858944.0,35.947966,66.911092,19.048832,91.111915,100.0,10.67,38.0,,long_scoreboard=30.14; wait=4.58; no_instruction=1.08,DRAM-bandwidth-bound
planner_debate_L_it1,62,critic-b,4096,mir_operator:RMSNormOp,8,RMSNormOp,elementwise_unary,"void at::vectorized_elementwise_kernel<4, void at::<unnamed>::pow_tensor_scalar_kernel_impl<float, f","(16384, 1, 1)","(128, 1, 1)",profiled,118.496,144.8,1.889919,0.0,93.555731,0.0,67120384.0,41862912.0,32.192979,50.033915,13.95566,77.217908,100.0,10.67,20.0,,long_scoreboard=354.81; drain=108.78; mio_throttle=68.12,DRAM-bandwidth-bound
planner_debate_L_it1,63,critic-b,4096,mir_operator:RMSNormOp,8,RMSNormOp,reduce,"void at::reduce_kernel<512, 1, at::ReduceOp<float, at::MeanOps<float, float, float, float>, unsigned","(256, 1, 1)","(32, 16, 1)",profiled,86.304,36.9,2.027067,0.0,90.362344,0.0,67160960.0,9462144.0,31.101326,0.997915,9.052391,66.120557,100.0,0.67,26.0,,long_scoreboard=328.18; barrier=20.50; imc_miss=3.66,DRAM-bandwidth-bound
planner_debate_L_it1,64,critic-b,4096,mir_operator:RMSNormOp,8,RMSNormOp,elementwise_binary,"void at::vectorized_elementwise_kernel<4, at::CUDAFunctorOnSelf_add<float>, std::array<char *, 2>>(i","(4, 1, 1)","(128, 1, 1)",profiled,1.824,1.25,0.026917,0.0,1.204731,0.0,21120.0,0.0,1.104555,81.225806,19.783617,8.179042,100.0,0.0,20.0,,imc_miss=27.42; long_scoreboard=21.32; no_instruction=2.94,"latency/launch-bound: 0.00 waves per SM, no unit above 30 % of peak"
planner_debate_L_it1,65,critic-b,4096,mir_operator:RMSNormOp,8,RMSNormOp,elementwise_unary,"void at::vectorized_elementwise_kernel<4, at::rsqrt_kernel_cuda(at::TensorIteratorBase &)::[lambda()","(4, 1, 1)","(128, 1, 1)",profiled,1.824,1.09,0.043466,0.0,1.265914,0.0,22400.0,0.0,1.262011,79.892686,19.272271,8.154538,100.0,0.0,26.0,,imc_miss=15.32; long_scoreboard=12.51; wait=1.96,"latency/launch-bound: 0.00 waves per SM, no unit above 30 % of peak"
planner_debate_L_it1,66,critic-b,4096,mir_operator:RMSNormOp,8,RMSNormOp,elementwise_binary,"void at::elementwise_kernel<128, 2, void at::gpu_kernel_impl_nocast<at::BinaryFunctor<float, float, ","(65536, 1, 1)","(128, 1, 1)",profiled,115.552,127.58,14.78518,0.0,93.350356,0.0,67136512.0,38854528.0,28.402167,50.534613,12.984876,88.771745,100.0,42.67,16.0,,long_scoreboard=55.91; wait=2.38; selected=1.00,DRAM-bandwidth-bound
planner_debate_L_it1,67,critic-b,4096,mir_operator:RMSNormOp,8,RMSNormOp,copy,"void at::vectorized_elementwise_kernel<8, at::float16_copy_kernel_cuda(at::TensorIteratorBase &)::[l","(16384, 1, 1)","(128, 1, 1)",profiled,93.088,91.17,1.756888,0.0,94.465481,0.0,67115520.0,19293824.0,28.794144,33.506202,9.164953,84.328859,100.0,10.67,22.0,,long_scoreboard=514.89; drain=117.28; short_scoreboard=55.97,DRAM-bandwidth-bound
planner_debate_L_it1,69,critic-b,4096,mir_operator:LinearOp,10,LinearOp,gemm,ampere_fp16_s1688gemm_fp16_128x128_ldg8_f2f_stages_32x1_nn,"(32, 32, 3)","(128, 1, 1)",profiled,852.864,851.62,48.811624,49.010622,16.738221,0.0,82608896.0,57739776.0,54.36737,97.297147,30.79247,16.357144,16.666667,12.0,234.0,161.1,math_pipe_throttle=12.11; wait=4.30; barrier=1.10,tensor-core compute-bound
planner_debate_L_it1,71,critic-b,4096,mir_operator:LinearOp,11,LinearOp,gemm,ampere_fp16_s1688gemm_fp16_128x128_ldg8_f2f_stages_32x1_nn,"(32, 32, 3)","(128, 1, 1)",profiled,853.248,851.69,48.775326,49.006241,14.990253,0.0,77541632.0,48209408.0,54.361124,97.53719,30.814798,16.354397,16.666667,12.0,234.0,161.1,math_pipe_throttle=12.00; wait=4.30; barrier=1.11,tensor-core compute-bound
planner_debate_L_it1,73,critic-b,4096,mir_operator:LinearOp,12,LinearOp,gemm,ampere_fp16_s1688gemm_fp16_128x128_ldg8_f2f_stages_32x1_nn,"(32, 32, 3)","(128, 1, 1)",profiled,854.144,850.79,48.798408,49.014173,16.704732,0.0,82719616.0,57561728.0,54.304352,97.297428,30.808175,16.354358,16.666667,12.0,234.0,160.9,math_pipe_throttle=12.09; wait=4.30; barrier=1.09,tensor-core compute-bound
planner_debate_L_it1,74,critic-b,4096,mir_operator:TransposeOp,14,TransposeOp,copy,"void at::elementwise_kernel<128, 4, void at::gpu_kernel_impl_nocast<at::direct_copy_kernel_cuda(at::","(32768, 1, 1)","(128, 1, 1)",profiled,228.896,226.62,6.298227,0.0,24.812241,0.0,33572224.0,22247552.0,93.056356,93.973961,46.473244,88.65672,100.0,21.33,16.0,,long_scoreboard=140.97; drain=11.86; short_scoreboard=7.88,L2-bandwidth-bound (working set in L2)
planner_debate_L_it1,77,critic-merge,4096,weight_init,,,rng_init,"void at::<unnamed>::distribution_elementwise_grid_stride_kernel<float, 4, void templates::normal_and","(768, 1, 1)","(256, 1, 1)",profiled,36.0,35.97,71.206778,0.0,57.57387,0.0,9984.0,20341504.0,38.386206,100.050173,18.591239,67.816701,100.0,1.0,40.0,,not_selected=3.77; math_pipe_throttle=2.13; wait=1.65,SM-issue-bound
planner_debate_L_it1,78,critic-merge,4096,weight_init,,,elementwise_binary,"void at::vectorized_elementwise_kernel<8, at::BUnaryFunctor<c10::Half, c10::Half, c10::Half, binary_","(16384, 1, 1)","(128, 1, 1)",profiled,49.728,20.09,3.86036,0.0,93.504311,0.0,33560320.0,12084864.0,31.792295,50.157799,14.891011,86.996597,100.0,10.67,20.0,,long_scoreboard=174.79; drain=19.28; short_scoreboard=3.59,DRAM-bandwidth-bound
planner_debate_L_it1,79,critic-merge,4096,mir_operator:RMSNormOp,6,RMSNormOp,copy,void at::unrolled_elementwise_kernel<at::direct_copy_kernel_cuda(at::TensorIteratorBase &)::[lambda(,"(16384, 1, 1)","(128, 1, 1)",profiled,79.232,114.65,26.712093,0.0,85.369019,0.0,33616000.0,32814591.999999996,40.236639,66.914399,22.768131,90.800136,100.0,10.67,38.0,,long_scoreboard=30.02; wait=4.59; no_instruction=1.07,DRAM-bandwidth-bound
planner_debate_L_it1,80,critic-merge,4096,mir_operator:RMSNormOp,6,RMSNormOp,elementwise_unary,"void at::vectorized_elementwise_kernel<4, void at::<unnamed>::pow_tensor_scalar_kernel_impl<float, f","(16384, 1, 1)","(128, 1, 1)",profiled,117.344,145.05,1.879671,0.0,93.55459,0.0,67117952.0,40798720.0,32.131669,50.086023,13.875856,77.174927,100.0,10.67,20.0,,long_scoreboard=360.42; drain=117.88; mio_throttle=67.28,DRAM-bandwidth-bound
planner_debate_L_it1,81,critic-merge,4096,mir_operator:RMSNormOp,6,RMSNormOp,reduce,"void at::reduce_kernel<512, 1, at::ReduceOp<float, at::MeanOps<float, float, float, float>, unsigned","(256, 1, 1)","(32, 16, 1)",profiled,88.096,36.7,2.024235,0.0,90.589512,0.0,67160832.0,11257856.0,30.460389,0.996877,8.29126,66.044612,100.0,0.67,26.0,,long_scoreboard=327.34; barrier=20.80; imc_miss=3.78,DRAM-bandwidth-bound
planner_debate_L_it1,82,critic-merge,4096,mir_operator:RMSNormOp,6,RMSNormOp,elementwise_binary,"void at::vectorized_elementwise_kernel<4, at::CUDAFunctorOnSelf_add<float>, std::array<char *, 2>>(i","(4, 1, 1)","(128, 1, 1)",profiled,1.792,1.28,0.026868,0.0,1.22186,0.0,21120.0,0.0,1.131875,77.613855,20.631296,8.234833,100.0,0.0,20.0,,imc_miss=26.27; long_scoreboard=21.59; no_instruction=2.94,"latency/launch-bound: 0.00 waves per SM, no unit above 30 % of peak"
planner_debate_L_it1,83,critic-merge,4096,mir_operator:RMSNormOp,6,RMSNormOp,elementwise_unary,"void at::vectorized_elementwise_kernel<4, at::rsqrt_kernel_cuda(at::TensorIteratorBase &)::[lambda()","(4, 1, 1)","(128, 1, 1)",profiled,1.856,1.12,0.041543,0.0,1.242898,0.0,22400.0,0.0,1.252231,78.786192,19.204801,8.244249,100.0,0.0,26.0,,imc_miss=16.31; long_scoreboard=12.55; wait=1.96,"latency/launch-bound: 0.00 waves per SM, no unit above 30 % of peak"
planner_debate_L_it1,84,critic-merge,4096,mir_operator:RMSNormOp,6,RMSNormOp,elementwise_binary,"void at::elementwise_kernel<128, 2, void at::gpu_kernel_impl_nocast<at::BinaryFunctor<float, float, ","(65536, 1, 1)","(128, 1, 1)",profiled,122.464,127.8,14.895913,0.0,93.649938,0.0,67136256.0,45593216.0,26.889638,50.530642,13.069313,89.054825,100.0,42.67,16.0,,long_scoreboard=56.42; wait=2.38; selected=1.00,DRAM-bandwidth-bound
planner_debate_L_it1,85,critic-merge,4096,mir_operator:RMSNormOp,6,RMSNormOp,copy,"void at::vectorized_elementwise_kernel<8, at::float16_copy_kernel_cuda(at::TensorIteratorBase &)::[l","(16384, 1, 1)","(128, 1, 1)",profiled,93.12,91.9,1.727741,0.0,94.393769,0.0,67114880.0,19275264.0,28.804653,33.494974,9.015271,84.344893,100.0,10.67,22.0,,long_scoreboard=515.66; drain=117.61; short_scoreboard=56.49,DRAM-bandwidth-bound
planner_debate_L_it1,86,critic-merge,4096,mir_operator:AddOp,7,AddOp,elementwise_binary,"void at::vectorized_elementwise_kernel<8, at::CUDAFunctorOnSelf_add<c10::Half>, std::array<char *, 2","(16384, 1, 1)","(128, 1, 1)",profiled,50.464,27.3,5.507545,0.0,93.480808,0.0,33561600.0,12799616.0,31.082238,50.150098,20.17594,87.680301,100.0,10.67,22.0,,long_scoreboard=170.17; drain=19.16; short_scoreboard=3.21,DRAM-bandwidth-bound
planner_debate_L_it1,87,critic-merge,4096,mir_operator:RMSNormOp,8,RMSNormOp,copy,void at::unrolled_elementwise_kernel<at::direct_copy_kernel_cuda(at::TensorIteratorBase &)::[lambda(,"(16384, 1, 1)","(128, 1, 1)",profiled,88.256,88.32,26.749844,0.0,86.141259,0.0,33616128.0,41114240.0,36.135081,66.916114,22.936707,90.725944,100.0,10.67,38.0,,long_scoreboard=29.34; wait=4.59; short_scoreboard=1.35,DRAM-bandwidth-bound
planner_debate_L_it1,88,critic-merge,4096,mir_operator:RMSNormOp,8,RMSNormOp,elementwise_unary,"void at::vectorized_elementwise_kernel<4, void at::<unnamed>::pow_tensor_scalar_kernel_impl<float, f","(16384, 1, 1)","(128, 1, 1)",profiled,118.208,145.4,1.734376,0.0,93.587956,0.0,67123968.0,41620864.0,27.10058,50.076896,12.806885,77.138589,100.0,10.67,20.0,,long_scoreboard=355.08; drain=109.44; mio_throttle=67.38,DRAM-bandwidth-bound
planner_debate_L_it1,89,critic-merge,4096,mir_operator:RMSNormOp,8,RMSNormOp,reduce,"void at::reduce_kernel<512, 1, at::ReduceOp<float, at::MeanOps<float, float, float, float>, unsigned","(256, 1, 1)","(32, 16, 1)",profiled,88.192,36.58,2.167356,0.0,90.749669,0.0,67167616.0,11471488.0,30.420811,1.009023,9.042647,66.112305,100.0,0.67,26.0,,long_scoreboard=327.46; barrier=16.54; imc_miss=3.71,DRAM-bandwidth-bound
planner_debate_L_it1,90,critic-merge,4096,mir_operator:RMSNormOp,8,RMSNormOp,elementwise_binary,"void at::vectorized_elementwise_kernel<4, at::CUDAFunctorOnSelf_add<float>, std::array<char *, 2>>(i","(4, 1, 1)","(128, 1, 1)",profiled,1.856,1.25,0.026869,0.0,1.193576,0.0,21120.0,0.0,1.571805,56.044204,20.433684,8.235222,100.0,0.0,20.0,,imc_miss=26.45; long_scoreboard=21.39; no_instruction=2.94,"latency/launch-bound: 0.00 waves per SM, no unit above 30 % of peak"
planner_debate_L_it1,91,critic-merge,4096,mir_operator:RMSNormOp,8,RMSNormOp,elementwise_unary,"void at::vectorized_elementwise_kernel<4, at::rsqrt_kernel_cuda(at::TensorIteratorBase &)::[lambda()","(4, 1, 1)","(128, 1, 1)",profiled,1.888,1.09,0.042012,0.0,1.2317,0.0,22400.0,0.0,1.23407,79.128248,19.002845,8.223535,100.0,0.0,26.0,,imc_miss=16.66; long_scoreboard=12.59; wait=1.96,"latency/launch-bound: 0.00 waves per SM, no unit above 30 % of peak"
planner_debate_L_it1,92,critic-merge,4096,mir_operator:RMSNormOp,8,RMSNormOp,elementwise_binary,"void at::elementwise_kernel<128, 2, void at::gpu_kernel_impl_nocast<at::BinaryFunctor<float, float, ","(65536, 1, 1)","(128, 1, 1)",profiled,123.296,127.97,15.044477,0.0,93.525925,0.0,67136384.0,46179328.0,26.686813,50.519076,13.212952,88.824051,100.0,42.67,16.0,,long_scoreboard=64.86; wait=2.38; selected=1.00,DRAM-bandwidth-bound
planner_debate_L_it1,93,critic-merge,4096,mir_operator:RMSNormOp,8,RMSNormOp,copy,"void at::vectorized_elementwise_kernel<8, at::float16_copy_kernel_cuda(at::TensorIteratorBase &)::[l","(16384, 1, 1)","(128, 1, 1)",profiled,93.824,91.45,1.870722,0.0,94.506389,0.0,67115136.0,19981952.0,28.685691,33.481512,9.760469,84.73565,100.0,10.67,22.0,,long_scoreboard=515.43; drain=116.79; short_scoreboard=56.22,DRAM-bandwidth-bound
planner_debate_L_it1,95,critic-merge,4096,mir_operator:LinearOp,10,LinearOp,gemm,ampere_fp16_s1688gemm_fp16_128x128_ldg8_f2f_stages_32x1_nn,"(32, 32, 3)","(128, 1, 1)",profiled,853.6,852.55,48.803102,49.007263,16.810255,0.0,83232000.0,57844608.0,54.326572,97.157024,30.800339,16.354422,16.666667,12.0,234.0,161.0,math_pipe_throttle=12.11; wait=4.30; barrier=1.08,tensor-core compute-bound
planner_debate_L_it1,97,critic-merge,4096,mir_operator:LinearOp,11,LinearOp,gemm,ampere_fp16_s1688gemm_fp16_128x128_ldg8_f2f_stages_32x1_nn,"(32, 32, 3)","(128, 1, 1)",profiled,853.632,851.5,48.768362,49.00792,14.963351,0.0,77566720.0,48016256.0,54.331089,97.5327,30.817235,16.354387,16.666667,12.0,234.0,161.0,math_pipe_throttle=12.00; wait=4.30; barrier=1.09,tensor-core compute-bound
planner_debate_L_it1,99,critic-merge,4096,mir_operator:LinearOp,12,LinearOp,gemm,ampere_fp16_s1688gemm_fp16_128x128_ldg8_f2f_stages_32x1_nn,"(32, 32, 3)","(128, 1, 1)",profiled,853.856,851.14,48.822837,48.998783,16.718936,0.0,82678016.0,57671936.0,54.328786,97.296777,30.802742,16.348997,16.666667,12.0,234.0,161.0,math_pipe_throttle=12.09; wait=4.30; barrier=1.11,tensor-core compute-bound
planner_debate_L_it1,100,critic-merge,4096,mir_operator:TransposeOp,14,TransposeOp,copy,"void at::elementwise_kernel<128, 4, void at::gpu_kernel_impl_nocast<at::direct_copy_kernel_cuda(at::","(32768, 1, 1)","(128, 1, 1)",profiled,228.064,226.17,6.306405,0.0,24.865481,0.0,33572224.0,22171776.0,93.17827,94.09992,46.525028,88.492206,100.0,21.33,16.0,,long_scoreboard=141.61; drain=11.91; short_scoreboard=7.89,L2-bandwidth-bound (working set in L2)
planner_debate_L_it1,103,planner-final,3584,weight_init,,,rng_init,"void at::<unnamed>::distribution_elementwise_grid_stride_kernel<float, 4, void templates::normal_and","(768, 1, 1)","(256, 1, 1)",profiled,28.64,28.06,70.350829,0.0,45.399989,0.0,10112.0,12742912.0,37.187451,100.052076,18.07222,67.801166,100.0,1.0,40.0,,not_selected=3.77; math_pipe_throttle=2.14; wait=1.65,SM-issue-bound
planner_debate_L_it1,104,planner-final,3584,weight_init,,,elementwise_binary,"void at::vectorized_elementwise_kernel<8, at::BUnaryFunctor<c10::Half, c10::Half, c10::Half, binary_","(12544, 1, 1)","(128, 1, 1)",profiled,36.704,14.91,4.536813,0.0,92.989356,0.0,25695616.0,7806976.0,32.721172,50.206517,17.489182,86.261131,100.0,8.17,20.0,,long_scoreboard=172.84; drain=18.70; short_scoreboard=3.09,DRAM-bandwidth-bound
planner_debate_L_it1,105,planner-final,3584,mir_operator:RMSNormOp,6,RMSNormOp,copy,void at::unrolled_elementwise_kernel<at::direct_copy_kernel_cuda(at::TensorIteratorBase &)::[lambda(,"(12544, 1, 1)","(128, 1, 1)",profiled,56.224,84.86,24.293201,0.0,83.590852,0.0,25753216.0,20393856.0,43.577783,66.899553,20.794175,90.951886,100.0,8.17,38.0,,long_scoreboard=25.79; wait=4.59; no_instruction=1.02,DRAM-bandwidth-bound
planner_debate_L_it1,106,planner-final,3584,mir_operator:RMSNormOp,6,RMSNormOp,elementwise_unary,"void at::vectorized_elementwise_kernel<4, void at::<unnamed>::pow_tensor_scalar_kernel_impl<float, f","(12544, 1, 1)","(128, 1, 1)",profiled,82.688,71.33,2.05297,0.0,93.403723,0.0,51387008.0,24501888.0,28.76264,50.094008,15.152643,76.870857,100.0,8.17,20.0,,long_scoreboard=341.87; drain=97.10; mio_throttle=54.66,DRAM-bandwidth-bound
planner_debate_L_it1,107,planner-final,3584,mir_operator:RMSNormOp,6,RMSNormOp,reduce,"void at::reduce_kernel<512, 1, at::ReduceOp<float, at::MeanOps<float, float, float, float>, unsigned","(224, 1, 1)","(32, 16, 1)",profiled,59.136,20.93,2.149394,0.0,90.280201,0.0,51432192.0,1018496.0000000001,34.737362,1.296717,8.821425,58.182399,100.0,0.58,26.0,,long_scoreboard=279.05; barrier=10.14; imc_miss=4.25,DRAM-bandwidth-bound
planner_debate_L_it1,108,planner-final,3584,mir_operator:RMSNormOp,6,RMSNormOp,elementwise_binary,"void at::vectorized_elementwise_kernel<4, at::CUDAFunctorOnSelf_add<float>, std::array<char *, 2>>(i","(4, 1, 1)","(128, 1, 1)",profiled,1.824,1.31,0.03113,0.0,1.077836,0.0,19072.0,0.0,1.048572,82.742317,19.524596,8.261832,100.0,0.0,20.0,,imc_miss=21.31; long_scoreboard=14.57; no_instruction=2.34,"latency/launch-bound: 0.00 waves per SM, no unit above 30 % of peak"
planner_debate_L_it1,109,planner-final,3584,mir_operator:RMSNormOp,6,RMSNormOp,elementwise_unary,"void at::vectorized_elementwise_kernel<4, at::rsqrt_kernel_cuda(at::TensorIteratorBase &)::[lambda()","(4, 1, 1)","(128, 1, 1)",profiled,1.856,1.12,0.048377,0.0,1.150174,0.0,20352.0,0.0,1.211015,80.203193,18.991098,8.26224,100.0,0.0,26.0,,imc_miss=11.63; long_scoreboard=8.73; wait=1.91,"latency/launch-bound: 0.00 waves per SM, no unit above 30 % of peak"
planner_debate_L_it1,110,planner-final,3584,mir_operator:RMSNormOp,6,RMSNormOp,elementwise_binary,"void at::elementwise_kernel<128, 2, void at::gpu_kernel_impl_nocast<at::BinaryFunctor<float, float, ","(50176, 1, 1)","(128, 1, 1)",profiled,91.904,87.26,14.586515,0.0,93.146085,0.0,51413760.0,32728064.000000004,27.445337,50.56924,12.804278,89.601695,100.0,32.67,16.0,,long_scoreboard=49.06; wait=2.38; selected=1.00,DRAM-bandwidth-bound
planner_debate_L_it1,111,planner-final,3584,mir_operator:RMSNormOp,6,RMSNormOp,copy,"void at::vectorized_elementwise_kernel<8, at::float16_copy_kernel_cuda(at::TensorIteratorBase &)::[l","(12544, 1, 1)","(128, 1, 1)",profiled,65.536,54.94,1.938826,0.0,93.467716,0.0,51389184.0,8793856.0,31.360028,32.836487,10.103161,83.880845,100.0,8.17,22.0,,long_scoreboard=475.57; drain=106.54; short_scoreboard=50.23,DRAM-bandwidth-bound
planner_debate_L_it1,112,planner-final,3584,mir_operator:AddOp,7,AddOp,elementwise_binary,"void at::vectorized_elementwise_kernel<8, at::CUDAFunctorOnSelf_add<c10::Half>, std::array<char *, 2","(12544, 1, 1)","(128, 1, 1)",profiled,36.512,14.75,4.366393,0.0,92.543296,0.0,25696640.0,7463296.0,33.004055,50.175171,15.988311,85.355833,100.0,8.17,22.0,,long_scoreboard=167.98; drain=19.20; short_scoreboard=3.11,DRAM-bandwidth-bound
planner_debate_L_it1,113,planner-final,3584,mir_operator:RMSNormOp,8,RMSNormOp,copy,void at::unrolled_elementwise_kernel<at::direct_copy_kernel_cuda(at::TensorIteratorBase &)::[lambda(,"(12544, 1, 1)","(128, 1, 1)",profiled,56.64,50.27,24.549508,0.0,83.261293,0.0,25753472.0,20600448.0,43.242913,67.009274,20.998667,90.358381,100.0,8.17,38.0,,long_scoreboard=25.39; wait=4.59; no_instruction=1.01,DRAM-bandwidth-bound
planner_debate_L_it1,114,planner-final,3584,mir_operator:RMSNormOp,8,RMSNormOp,elementwise_unary,"void at::vectorized_elementwise_kernel<4, void at::<unnamed>::pow_tensor_scalar_kernel_impl<float, f","(12544, 1, 1)","(128, 1, 1)",profiled,83.776,72.48,1.876769,0.0,93.280162,0.0,51387648.0,25409536.0,30.077782,50.100036,13.862497,76.855111,100.0,8.17,20.0,,long_scoreboard=335.69; drain=95.09; mio_throttle=53.91,DRAM-bandwidth-bound
planner_debate_L_it1,115,planner-final,3584,mir_operator:RMSNormOp,8,RMSNormOp,reduce,"void at::reduce_kernel<512, 1, at::ReduceOp<float, at::MeanOps<float, float, float, float>, unsigned","(224, 1, 1)","(32, 16, 1)",profiled,63.36,22.3,2.233637,0.0,90.012291,0.0,51431680.0,4624000.0,32.429798,1.294702,8.986966,58.170127,100.0,0.58,26.0,,long_scoreboard=278.57; barrier=8.68; imc_miss=4.17,DRAM-bandwidth-bound
planner_debate_L_it1,116,planner-final,3584,mir_operator:RMSNormOp,8,RMSNormOp,elementwise_binary,"void at::vectorized_elementwise_kernel<4, at::CUDAFunctorOnSelf_add<float>, std::array<char *, 2>>(i","(4, 1, 1)","(128, 1, 1)",profiled,1.856,1.18,0.031277,0.0,1.082849,0.0,19072.0,0.0,1.067417,78.597663,19.546959,8.213498,100.0,0.0,20.0,,imc_miss=20.66; long_scoreboard=14.63; no_instruction=2.34,"latency/launch-bound: 0.00 waves per SM, no unit above 30 % of peak"
planner_debate_L_it1,117,planner-final,3584,mir_operator:RMSNormOp,8,RMSNormOp,elementwise_unary,"void at::vectorized_elementwise_kernel<4, at::rsqrt_kernel_cuda(at::TensorIteratorBase &)::[lambda()","(4, 1, 1)","(128, 1, 1)",profiled,1.856,1.09,0.048322,0.0,1.150174,0.0,20352.0,0.0,1.214444,79.797688,19.267436,8.254411,100.0,0.0,26.0,,imc_miss=11.85; long_scoreboard=8.85; wait=1.91,"latency/launch-bound: 0.00 waves per SM, no unit above 30 % of peak"
planner_debate_L_it1,118,planner-final,3584,mir_operator:RMSNormOp,8,RMSNormOp,elementwise_binary,"void at::elementwise_kernel<128, 2, void at::gpu_kernel_impl_nocast<at::BinaryFunctor<float, float, ","(50176, 1, 1)","(128, 1, 1)",profiled,83.392,87.42,14.821034,0.0,93.385073,0.0,51409536.0,25106816.0,30.376497,50.574679,13.015583,88.47413,100.0,32.67,16.0,,long_scoreboard=48.54; wait=2.38; selected=1.00,DRAM-bandwidth-bound
planner_debate_L_it1,119,planner-final,3584,mir_operator:RMSNormOp,8,RMSNormOp,copy,"void at::vectorized_elementwise_kernel<8, at::float16_copy_kernel_cuda(at::TensorIteratorBase &)::[l","(12544, 1, 1)","(128, 1, 1)",profiled,68.864,54.65,1.936357,0.0,93.981481,0.0,51392512.0,12216320.0,29.843247,33.496467,10.08871,83.760147,100.0,8.17,22.0,,long_scoreboard=477.26; drain=106.13; short_scoreboard=49.99,DRAM-bandwidth-bound
planner_debate_L_it1,120,planner-final,3584,mir_operator:LinearOp,10,LinearOp,gemm,void cutlass::Kernel2<cutlass_80_tensorop_f16_s16816gemm_relu_f16_64x64_32x6_nn_align8>(T1::Params),"(448, 7, 1)","(128, 1, 1)",profiled,638.784,636.4,43.790323,44.873132,12.103678,0.0,51437952.0,24574976.0,91.021748,98.673521,44.873132,16.445568,16.666667,12.25,96.0,144.1,math_pipe_throttle=7.49; long_scoreboard=2.16; barrier=2.11,tensor-core compute-bound
planner_debate_L_it1,121,planner-final,3584,mir_operator:LinearOp,11,LinearOp,gemm,void cutlass::Kernel2<cutlass_80_tensorop_f16_s16816gemm_relu_f16_64x64_32x6_nn_align8>(T1::Params),"(448, 7, 1)","(128, 1, 1)",profiled,639.52,633.04,43.799643,44.888796,12.023929,0.0,51446784.0,24150016.0,90.945996,98.662778,44.888796,16.436305,16.666667,12.25,96.0,144.0,math_pipe_throttle=7.53; long_scoreboard=2.11; barrier=2.07,tensor-core compute-bound
planner_debate_L_it1,122,planner-final,3584,mir_operator:LinearOp,12,LinearOp,gemm,void cutlass::Kernel2<cutlass_80_tensorop_f16_s16816gemm_relu_f16_64x64_32x6_nn_align8>(T1::Params),"(448, 7, 1)","(128, 1, 1)",profiled,640.768,635.89,43.795059,44.854184,12.046501,0.0,51446912.0,24443776.0,90.861423,98.66625,44.854184,16.440132,16.666667,12.25,96.0,143.7,math_pipe_throttle=7.47; long_scoreboard=2.15; barrier=2.13,tensor-core compute-bound
planner_debate_L_it1,123,planner-final,3584,mir_operator:TransposeOp,14,TransposeOp,copy,"void at::elementwise_kernel<128, 4, void at::gpu_kernel_impl_nocast<at::direct_copy_kernel_cuda(at::","(25088, 1, 1)","(128, 1, 1)",profiled,178.56,177.18,6.190715,0.0,22.676159,0.0,25718656.0,14082944.0,91.775239,93.694035,45.752551,88.301539,100.0,16.33,16.0,,long_scoreboard=144.00; drain=11.85; short_scoreboard=7.85,L2-bandwidth-bound (working set in L2)
